Player,Pos,Week,Team,Opp,Comp,PAtt,Pct,NPct,PYds,NPYds,PYds/Att,Pass_TD,Int,QB_Rating,NQB_Rating,RAtt,RYds,RYds/Att,Rush_TD,Total_TD,Fantasy_Points,Opp_Rank,Opp_Pos_Rank,Salary,Projection,Avg_Salary,SalaryDiffToAvg,Preseason Proj./game,Label,LabelRef
Aaron Rodgers,QB,1,GB,JAX,20,34,59,0.59,199,1.99,6,2,0,95,0.95,4,16,4,1,3,23.56,29,28,9000,20.8,8775,225,21.28,1,0
Aaron Rodgers,QB,2,GB,MIN,20,36,56,0.56,213,2.13,6,1,1,71,0.71,3,29,10,1,2,19.42,9,18,8700,19,8775,-75,21.28,1,0
Aaron Rodgers,QB,3,GB,DET,15,24,63,0.63,205,2.05,9,4,0,129,1.29,5,22,4,0,4,26.4,29,31,8900,22.1,8775,125,21.28,1,0
Aaron Rodgers,QB,5,GB,NYG,23,45,51,0.51,259,2.59,6,2,2,65,0.65,5,15,3,0,2,17.86,14,11,9100,21.2,8775,325,21.28,0,0
Aaron Rodgers,QB,6,GB,DAL,31,42,74,0.74,294,2.94,7,1,1,91,0.91,3,7,2,0,1,14.46,12,22,8800,20.9,8775,25,21.28,0,0
Aaron Rodgers,QB,7,GB,CHI,39,56,70,0.7,326,3.26,6,3,0,102,1.02,2,7,4,0,3,27.74,14,14,8600,20.1,8775,-175,21.28,1,1
Aaron Rodgers,QB,8,GB,ATL,28,38,74,0.74,246,2.46,7,4,0,126,1.26,6,60,10,0,4,33.84,31,29,8800,21.4,8775,25,21.28,1,1
Aaron Rodgers,QB,9,GB,IND,26,43,61,0.61,297,2.97,7,3,1,95,0.95,6,43,7,0,3,27.18,28,26,9100,23.7,8775,325,21.28,1,0
Aaron Rodgers,QB,10,GB,TEN,31,51,61,0.61,371,3.71,7,2,2,80,0.8,3,27,9,1,3,32.54,19,19,9000,22.9,8775,225,21.28,1,1
Aaron Rodgers,QB,11,GB,WAS,26,41,63,0.63,351,3.51,9,3,0,115,1.15,3,33,11,0,3,32.34,17,10,9100,18.9,8775,325,21.28,1,1
Aaron Rodgers,QB,12,GB,PHI,30,39,77,0.77,313,3.13,8,2,0,117,1.17,6,26,4,0,2,26.12,6,7,8900,19.1,8775,125,21.28,1,1
Aaron Rodgers,QB,13,GB,HOU,20,30,67,0.67,209,2.09,7,2,0,109,1.09,3,16,5,0,2,16.96,6,5,8500,20.5,8775,-275,21.28,0,0
Aaron Rodgers,QB,14,GB,SEA,18,23,78,0.78,246,2.46,11,3,0,151,1.51,3,-6,-2,0,3,21.24,5,5,8000,19.5,8775,-775,21.28,1,0
Aaron Rodgers,QB,15,GB,CHI,19,31,61,0.61,252,2.52,8,0,0,87,0.87,3,19,6,0,0,11.98,11,12,8500,18.2,8775,-275,21.28,0,0
Aaron Rodgers,QB,16,GB,MIN,28,38,74,0.74,347,3.47,9,4,0,137,1.37,2,13,7,1,5,40.18,3,3,8600,18.2,8775,-175,21.28,1,1
Aaron Rodgers,QB,17,GB,DET,27,39,69,0.69,300,3,8,4,0,126,1.26,10,42,4,0,4,37.2,19,27,8800,21.3,8775,25,21.28,1,1
Alex Smith,QB,1,KC,LAC,34,48,71,0.71,363,3.63,8,2,1,98,0.98,4,15,4,1,3,32.02,16,12,6500,17.4,5600,900,17.03,1,1
Alex Smith,QB,2,KC,HOU,20,37,54,0.54,186,1.86,5,0,0,68,0.68,2,2,1,0,0,5.64,5,8,6300,13.1,5600,700,17.03,0,0
Alex Smith,QB,3,KC,NYJ,25,33,76,0.76,237,2.37,7,1,0,105,1.05,3,-3,-1,0,1,13.18,25,26,5800,15.5,5600,200,17.03,0,0
Alex Smith,QB,4,KC,PIT,30,50,60,0.6,287,2.87,6,2,1,81,0.81,1,2,2,0,2,18.68,18,16,5600,15.7,5600,0,17.03,1,0
Alex Smith,QB,6,KC,OAK,19,22,86,0.86,224,2.24,10,0,0,109,1.09,3,-1,0,0,0,8.86,32,30,5700,18,5600,100,17.03,0,0
Alex Smith,QB,7,KC,NO,17,24,71,0.71,214,2.14,9,2,0,126,1.26,4,7,2,0,2,17.26,32,26,6100,17.8,5600,500,17.03,0,0
Alex Smith,QB,8,KC,IND,9,19,47,0.47,127,1.27,7,1,0,87,0.87,2,9,5,0,1,9.98,25,25,5800,16.8,5600,200,17.03,0,0
Alex Smith,QB,10,KC,CAR,25,38,66,0.66,178,1.78,5,0,1,65,0.65,4,13,3,0,0,9.42,21,20,5300,0,5600,-300,17.03,1,1
Alex Smith,QB,11,KC,TB,24,31,77,0.77,261,2.61,8,1,1,99,0.99,2,10,5,1,2,20.44,26,27,5400,15.9,5600,-200,17.03,1,0
Alex Smith,QB,12,KC,DEN,26,44,59,0.59,220,2.2,5,1,0,80,0.8,2,2,1,0,1,15,28,27,5300,15.3,5600,-300,17.03,0,0
Alex Smith,QB,13,KC,ATL,21,25,84,0.84,270,2.7,11,1,0,125,1.25,3,-3,-1,0,1,13.5,2,1,5000,12.7,5600,-600,17.03,1,0
Alex Smith,QB,14,KC,OAK,17,26,65,0.65,264,2.64,10,1,1,96,0.96,4,3,1,0,1,14.16,30,32,5400,16,5600,-200,17.03,0,0
Alex Smith,QB,15,KC,TEN,15,28,54,0.54,163,1.63,6,0,1,56,0.56,4,11,3,1,1,12.62,26,21,5400,15.6,5600,-200,17.03,0,0
Alex Smith,QB,16,KC,DEN,25,36,69,0.69,244,2.44,7,1,1,86,0.86,4,46,12,1,2,23.36,23,30,5400,16.1,5600,-200,17.03,1,1
Alex Smith,QB,17,KC,LAC,21,28,75,0.75,264,2.64,9,2,1,113,1.13,6,21,4,1,3,25.66,1,1,5000,11.8,5600,-600,17.03,1,1
Andrew Luck,QB,1,IND,DET,31,47,66,0.66,385,3.85,8,4,0,120,1.2,3,21,7,0,4,38.5,23,20,8300,22,7160,1140,21.08,1,1
Andrew Luck,QB,2,IND,DEN,21,40,53,0.53,197,1.97,5,1,1,64,0.64,3,22,7,0,1,12.08,11,22,7700,17.9,7160,540,21.08,0,0
Andrew Luck,QB,3,IND,LAC,24,37,65,0.65,331,3.31,9,1,1,91,0.91,0,0,0,0,1,18.24,24,27,7600,19.5,7160,440,21.08,0,0
Andrew Luck,QB,4,IND,JAX,27,42,64,0.64,234,2.34,6,2,1,85,0.85,4,23,6,0,2,18.66,16,26,7400,20.7,7160,240,21.08,0,0
Andrew Luck,QB,5,IND,CHI,28,39,72,0.72,322,3.22,8,2,0,113,1.13,5,13,3,0,2,25.18,12,13,7300,20.2,7160,140,21.08,1,0
Andrew Luck,QB,6,IND,HOU,21,32,66,0.66,252,2.52,8,1,1,87,0.87,7,53,8,1,2,24.38,5,1,7100,19,7160,-60,21.08,1,1
Andrew Luck,QB,7,IND,TEN,27,39,69,0.69,353,3.53,9,3,0,123,1.23,5,17,3,0,3,30.82,9,6,7000,19.6,7160,-160,21.08,1,1
Andrew Luck,QB,8,IND,KC,19,35,54,0.54,210,2.1,6,2,1,79,0.79,9,60,7,0,2,20.4,16,11,6800,19.7,7160,-360,21.08,1,0
Andrew Luck,QB,9,IND,GB,23,36,64,0.64,281,2.81,8,1,2,74,0.74,7,15,2,0,1,14.74,14,17,6700,18.2,7160,-460,21.08,0,0
Andrew Luck,QB,11,IND,TEN,15,28,54,0.54,262,2.62,9,2,1,95,0.95,8,22,3,0,2,19.68,19,23,7200,20.5,7160,40,21.08,0,0
Andrew Luck,QB,13,IND,NYJ,22,28,79,0.79,278,2.78,10,4,0,148,1.48,3,26,9,0,4,29.72,18,16,7300,19.2,7160,140,21.08,1,1
Andrew Luck,QB,14,IND,HOU,24,45,53,0.53,276,2.76,6,2,2,68,0.68,2,32,16,0,2,19.24,6,8,6900,19.8,7160,-260,21.08,0,0
Andrew Luck,QB,15,IND,MIN,21,28,75,0.75,250,2.5,9,2,0,126,1.26,1,8,8,0,2,18.8,2,3,6400,16.4,7160,-760,21.08,1,0
Andrew Luck,QB,16,IND,OAK,19,29,66,0.66,288,2.88,10,2,2,92,0.92,4,12,3,1,3,26.72,24,22,7000,19.3,7160,-160,21.08,1,1
Andrew Luck,QB,17,IND,JAX,24,40,60,0.6,321,3.21,8,2,1,92,0.92,3,17,6,0,2,23.54,10,6,6700,18.6,7160,-460,21.08,1,0
Andy Dalton,QB,1,CIN,NYJ,23,30,77,0.77,366,3.66,12,1,1,114,1.14,3,7,2,0,1,21.34,6,7,6800,15.9,5794,1006,17.52,1,1
Andy Dalton,QB,2,CIN,PIT,31,54,57,0.57,366,3.66,7,1,0,84,0.84,2,7,4,0,1,22.34,10,5,6400,16.9,5794,606,17.52,1,1
Andy Dalton,QB,3,CIN,DEN,21,31,68,0.68,206,2.06,7,0,1,73,0.73,6,40,7,0,0,11.24,9,13,5700,16.1,5794,-94,17.52,0,0
Andy Dalton,QB,4,CIN,MIA,22,31,71,0.71,296,2.96,10,1,0,112,1.12,6,-12,-2,0,1,14.64,21,13,6100,19.3,5794,306,17.52,0,0
Andy Dalton,QB,5,CIN,DAL,29,41,71,0.71,269,2.69,7,2,0,105,1.05,6,34,6,0,2,22.16,14,19,5900,18.8,5794,106,17.52,1,0
Andy Dalton,QB,6,CIN,NE,21,31,68,0.68,254,2.54,8,1,0,103,1.03,2,17,9,1,2,21.86,9,15,5500,17.5,5794,-294,17.52,1,0
Andy Dalton,QB,7,CIN,CLE,19,28,68,0.68,308,3.08,11,2,0,128,1.28,0,0,0,0,2,23.32,31,30,6000,21.1,5794,206,17.52,1,0
Andy Dalton,QB,8,CIN,WAS,27,42,64,0.64,284,2.84,7,1,1,82,0.82,4,21,5,1,2,21.46,15,9,6200,20.1,5794,406,17.52,1,0
Andy Dalton,QB,10,CIN,NYG,16,29,55,0.55,204,2.04,7,1,1,75,0.75,1,15,15,0,1,12.66,12,2,5800,17.3,5794,6,17.52,0,0
Andy Dalton,QB,11,CIN,BUF,24,43,56,0.56,207,2.07,5,1,2,57,0.57,4,10,3,1,2,17.28,14,11,5700,16.8,5794,-94,17.52,1,0
Andy Dalton,QB,12,CIN,BAL,26,48,54,0.54,283,2.83,6,1,0,79,0.79,3,14,5,0,1,14.72,5,10,5400,14.1,5794,-394,17.52,1,0
Andy Dalton,QB,13,CIN,PHI,23,31,74,0.74,332,3.32,11,2,0,130,1.3,2,9,5,0,2,25.18,7,9,5200,14.6,5794,-594,17.52,1,1
Andy Dalton,QB,14,CIN,CLE,20,28,71,0.71,180,1.8,6,2,0,112,1.12,2,17,9,0,2,16.9,31,31,6100,17.7,5794,306,17.52,0,0
Andy Dalton,QB,15,CIN,PIT,16,27,59,0.59,157,1.57,6,0,1,60,0.6,1,1,1,1,1,11.38,9,6,5500,15.3,5794,-294,17.52,0,0
Andy Dalton,QB,16,CIN,HOU,28,41,68,0.68,268,2.68,7,1,1,84,0.84,0,0,0,0,1,13.72,4,3,5300,15,5794,-494,17.52,0,0
Andy Dalton,QB,17,CIN,BAL,18,28,64,0.64,226,2.26,8,1,0,101,1.01,4,4,1,0,1,13.44,7,10,5100,14.6,5794,-694,17.52,0,0
Ben Roethlisberger,QB,1,PIT,WAS,27,37,73,0.73,300,3,8,3,1,112,1.12,1,-2,-2,0,3,25.8,24,24,7800,18.4,7164,636,18.91,1,1
Ben Roethlisberger,QB,2,PIT,CIN,19,37,51,0.51,259,2.59,7,3,2,79,0.79,1,14,14,0,3,21.76,15,14,7500,18.9,7164,336,18.91,1,0
Ben Roethlisberger,QB,3,PIT,PHI,24,44,55,0.55,257,2.57,6,0,1,62,0.62,1,7,7,0,0,8.98,1,1,7300,19.7,7164,136,18.91,0,0
Ben Roethlisberger,QB,4,PIT,KC,22,27,82,0.82,300,3,11,5,0,153,1.53,1,-1,-1,0,5,36.9,5,2,7100,19.4,7164,-64,18.91,1,1
Ben Roethlisberger,QB,5,PIT,NYJ,34,47,72,0.72,380,3.8,8,4,0,124,1.24,0,0,0,0,4,33.2,22,27,7200,23.8,7164,36,18.91,1,1
Ben Roethlisberger,QB,6,PIT,MIA,19,34,56,0.56,189,1.89,6,1,2,57,0.57,0,0,0,0,1,11.56,24,25,7500,20.8,7164,336,18.91,0,0
Ben Roethlisberger,QB,9,PIT,BAL,23,45,51,0.51,264,2.64,6,1,1,67,0.67,3,3,1,1,2,19.86,7,10,6600,17.2,7164,-564,18.91,1,0
Ben Roethlisberger,QB,10,PIT,DAL,37,46,80,0.8,408,4.08,9,3,0,125,1.25,1,1,1,0,3,31.42,8,14,6800,18.7,7164,-364,18.91,1,1
Ben Roethlisberger,QB,11,PIT,CLE,23,36,64,0.64,167,1.67,5,0,0,75,0.75,0,0,0,0,0,8.68,32,30,7500,18.9,7164,336,18.91,0,0
Ben Roethlisberger,QB,12,PIT,IND,14,20,70,0.7,221,2.21,11,3,0,146,1.46,0,0,0,0,3,20.84,29,31,7300,19.5,7164,136,18.91,1,0
Ben Roethlisberger,QB,13,PIT,NYG,24,36,67,0.67,289,2.89,8,2,1,98,0.98,0,0,0,0,2,18.56,8,2,7400,19.3,7164,236,18.91,0,0
Ben Roethlisberger,QB,14,PIT,BUF,17,31,55,0.55,220,2.2,7,0,3,38,0.38,3,-2,-1,0,0,5.6,16,13,7000,18,7164,-164,18.91,0,0
Ben Roethlisberger,QB,15,PIT,CIN,21,36,58,0.58,286,2.86,8,1,0,93,0.93,4,-5,-1,0,1,14.94,17,19,6600,16.5,7164,-564,18.91,0,0
Ben Roethlisberger,QB,16,PIT,BAL,24,33,73,0.73,279,2.79,9,3,2,103,1.03,1,-1,-1,0,3,21.06,5,7,6700,18.6,7164,-464,18.91,1,0
Blaine Gabbert,QB,1,SF,LAR,22,35,63,0.63,170,1.7,5,1,0,84,0.84,9,43,5,0,1,14.5,13,11,6200,13.2,6217,-17,12.37,1,0
Blaine Gabbert,QB,2,SF,CAR,17,36,47,0.47,243,2.43,7,2,2,65,0.65,3,10,3,1,3,22.72,7,3,6200,11.8,6217,-17,12.37,1,1
Blaine Gabbert,QB,3,SF,SEA,14,25,56,0.56,119,1.19,5,0,1,52,0.52,5,22,4,0,0,5.96,2,8,6000,11,6217,-217,12.37,0,0
Blaine Gabbert,QB,4,SF,DAL,16,23,70,0.7,196,1.96,9,1,1,92,0.92,12,27,2,0,1,13.54,18,24,6400,15.2,6217,183,12.37,0,0
Blaine Gabbert,QB,5,SF,ARI,18,31,58,0.58,162,1.62,5,1,2,56,0.56,10,70,7,1,2,21.48,7,6,6500,13.2,6217,283,12.37,1,1
Blaine Gabbert,QB,13,SF,CHI,4,10,40,0.4,35,0.35,4,0,0,50,0.5,1,1,1,0,0,1.5,18,15,6000,0.4,6217,-217,12.37,1,0
Blake Bortles,QB,1,JAX,GB,24,39,62,0.62,320,3.2,8,1,1,85,0.85,2,2,1,0,1,19,9,9,8400,18.2,7350,1050,19.20,1,0
Blake Bortles,QB,2,JAX,LAC,31,50,62,0.62,329,3.29,7,2,2,78,0.78,3,34,11,0,2,24.56,27,30,8100,18.9,7350,750,19.20,1,1
Blake Bortles,QB,3,JAX,BAL,24,38,63,0.63,194,1.94,5,2,3,61,0.61,3,17,6,0,2,14.46,3,3,7900,17.3,7350,550,19.20,0,0
Blake Bortles,QB,4,JAX,IND,19,33,58,0.58,207,2.07,6,2,0,96,0.96,7,36,5,1,3,25.88,23,14,7700,17.6,7350,350,19.20,1,1
Blake Bortles,QB,6,JAX,CHI,20,33,61,0.61,271,2.71,8,1,1,84,0.84,3,1,0,0,1,12.94,18,17,7800,18.7,7350,450,19.20,0,0
Blake Bortles,QB,7,JAX,OAK,23,43,54,0.54,246,2.46,6,1,2,59,0.59,5,33,7,0,1,15.14,30,28,7400,19.2,7350,50,19.20,0,0
Blake Bortles,QB,8,JAX,TEN,33,54,61,0.61,337,3.37,6,3,0,98,0.98,4,22,6,0,3,32.68,12,12,7100,15.7,7350,-250,19.20,1,1
Blake Bortles,QB,9,JAX,KC,22,41,54,0.54,252,2.52,6,2,1,79,0.79,6,54,9,0,2,22.48,11,11,7300,13.8,7350,-50,19.20,1,1
Blake Bortles,QB,10,JAX,HOU,32,49,65,0.65,265,2.65,5,2,1,84,0.84,3,11,4,0,2,19.7,5,4,7300,16.8,7350,-50,19.20,1,0
Blake Bortles,QB,11,JAX,DET,22,35,63,0.63,202,2.02,6,2,2,74,0.74,1,3,3,0,2,14.38,25,31,7200,16.8,7350,-150,19.20,0,0
Blake Bortles,QB,12,JAX,BUF,13,26,50,0.5,126,1.26,5,2,0,90,0.9,8,81,10,0,2,21.14,13,11,7100,14.9,7350,-250,19.20,1,1
Blake Bortles,QB,13,JAX,DEN,19,42,45,0.45,181,1.81,4,0,2,38,0.38,2,29,15,1,1,13.14,3,1,7100,14.1,7350,-250,19.20,0,0
Blake Bortles,QB,14,JAX,MIN,23,37,62,0.62,257,2.57,7,1,0,92,0.92,3,13,4,0,1,15.58,2,2,6900,14.3,7350,-450,19.20,1,0
Blake Bortles,QB,15,JAX,HOU,12,28,43,0.43,92,0.92,3,0,1,37,0.37,2,-5,-3,1,1,8.18,6,7,6500,14.3,7350,-850,19.20,0,0
Blake Bortles,QB,16,JAX,TEN,26,38,68,0.68,325,3.25,9,1,0,104,1.04,3,7,2,0,1,29.7,20,29,6200,15.8,7350,-1150,19.20,1,1
Blake Bortles,QB,17,JAX,IND,25,39,64,0.64,301,3.01,8,1,0,96,0.96,3,21,7,0,1,19.14,28,26,7600,17.1,7350,250,19.20,1,0
Brian Hoyer,QB,2,CHI,PHI,9,12,75,0.75,78,0.78,7,0,0,92,0.92,0,0,0,0,0,3.12,2,2,6000,0.9,6283,-283,2.38,1,0
Brian Hoyer,QB,3,CHI,DAL,30,49,61,0.61,317,3.17,7,2,0,94,0.94,2,2,1,0,2,22.88,19,22,6000,15.2,6283,-283,2.38,1,1
Brian Hoyer,QB,4,CHI,DET,28,36,78,0.78,302,3.02,8,2,0,120,1.2,3,-3,-1,0,2,22.78,31,32,6000,15.2,6283,-283,2.38,1,1
Brian Hoyer,QB,5,CHI,IND,33,43,77,0.77,397,3.97,9,2,0,120,1.2,1,-1,-1,0,2,26.78,23,24,6000,14.6,6283,-283,2.38,1,1
Brian Hoyer,QB,6,CHI,JAX,30,49,61,0.61,302,3.02,6,0,0,79,0.79,1,0,0,0,0,15.08,19,26,7000,16.1,6283,717,2.38,0,0
Brian Hoyer,QB,7,CHI,GB,4,11,36,0.36,49,0.49,5,0,0,51,0.51,0,0,0,0,0,1.96,20,23,6700,15.7,6283,417,2.38,0,0
Brock Osweiler,QB,1,HOU,CHI,22,35,63,0.63,231,2.31,7,2,1,89,0.89,4,14,4,0,2,17.64,17,26,7100,16.9,6740,360,15.08,1,0
Brock Osweiler,QB,2,HOU,KC,19,33,58,0.58,268,2.68,8,1,2,69,0.69,2,-3,-2,0,1,12.42,21,12,7200,12.8,6740,460,15.08,0,0
Brock Osweiler,QB,3,HOU,NE,24,41,59,0.59,196,1.96,5,0,1,61,0.61,1,13,13,0,0,8.14,20,26,7200,16.5,6740,460,15.08,0,0
Brock Osweiler,QB,4,HOU,TEN,25,37,68,0.68,254,2.54,7,2,2,82,0.82,1,14,14,0,2,17.56,10,8,7300,16.5,6740,560,15.08,1,0
Brock Osweiler,QB,5,HOU,MIN,19,42,45,0.45,184,1.84,4,1,1,56,0.56,0,0,0,0,1,10.36,4,8,7200,13.4,6740,460,15.08,0,0
Brock Osweiler,QB,6,HOU,IND,25,39,64,0.64,269,2.69,7,2,1,91,0.91,2,-4,-2,0,2,17.36,25,25,6900,14.8,6740,160,15.08,1,0
Brock Osweiler,QB,7,HOU,DEN,22,41,54,0.54,131,1.31,3,0,0,60,0.6,3,16,5,0,0,5.84,4,6,6700,11.8,6740,-40,15.08,0,0
Brock Osweiler,QB,8,HOU,DET,20,29,69,0.69,186,1.86,6,1,1,83,0.83,3,-3,-1,0,1,10.14,28,32,6600,15.6,6740,-140,15.08,0,0
Brock Osweiler,QB,10,HOU,JAX,14,27,52,0.52,99,0.99,4,2,0,85,0.85,3,23,8,0,2,14.26,20,17,6900,13.7,6740,160,15.08,1,0
Brock Osweiler,QB,11,HOU,OAK,26,39,67,0.67,243,2.43,6,1,1,81,0.81,2,19,10,0,1,15.02,25,26,6400,13.2,6740,-340,15.08,1,0
Brock Osweiler,QB,12,HOU,LAC,22,37,60,0.6,246,2.46,7,0,3,46,0.46,3,23,8,1,1,15.14,24,17,6300,13.4,6740,-440,15.08,1,0
Brock Osweiler,QB,13,HOU,GB,22,35,63,0.63,202,2.02,6,2,0,98,0.98,3,20,7,0,2,18.08,28,22,6300,14.6,6740,-440,15.08,1,0
Brock Osweiler,QB,14,HOU,IND,14,24,58,0.58,147,1.47,6,0,1,59,0.59,2,-2,-1,0,0,4.68,29,30,6500,15.2,6740,-240,15.08,0,0
Brock Osweiler,QB,15,HOU,JAX,6,11,55,0.55,48,0.48,4,0,2,26,0.26,0,0,0,0,0,-0.08,10,8,6500,14.3,6740,-240,15.08,0,0
Brock Osweiler,QB,17,HOU,TEN,21,40,53,0.53,253,2.53,6,1,0,81,0.81,1,1,1,1,2,20.22,22,30,6000,1.5,6740,-740,15.08,1,1
Bryce Petty,QB,10,NYJ,LAR,19,32,59,0.59,163,1.63,5,1,1,70,0.7,0,0,0,0,1,9.52,10,10,5000,12.4,5683,-683,0.00,0,0
Bryce Petty,QB,13,NYJ,IND,11,25,44,0.44,135,1.35,5,1,2,41,0.41,0,0,0,0,1,7.4,29,32,6000,0.4,5683,317,0.00,1,1
Bryce Petty,QB,14,NYJ,SF,23,35,66,0.66,257,2.57,7,0,1,76,0.76,4,19,5,0,0,13.18,32,29,6100,13.3,5683,417,0.00,0,0
Bryce Petty,QB,15,NYJ,MIA,20,36,56,0.56,235,2.35,7,1,2,62,0.62,1,0,0,0,1,10.4,23,27,6000,12,5683,317,0.00,0,0
Cam Newton,QB,1,CAR,DEN,18,33,55,0.55,194,1.94,6,1,1,70,0.7,11,54,5,1,2,22.16,2,1,8600,18.6,8287,313,22.75,1,0
Cam Newton,QB,2,CAR,SF,24,40,60,0.6,353,3.53,9,4,1,112,1.12,6,37,6,0,4,34.82,1,1,9000,23.7,8287,713,22.75,1,1
Cam Newton,QB,3,CAR,MIN,21,35,60,0.6,262,2.62,8,0,3,48,0.48,7,26,4,1,1,16.08,6,18,9200,20.8,8287,913,22.75,0,0
Cam Newton,QB,4,CAR,ATL,14,25,56,0.56,165,1.65,7,1,0,90,0.9,5,30,6,0,1,15.6,32,31,9300,23.3,8287,1013,22.75,0,0
Cam Newton,QB,6,CAR,NO,27,47,57,0.57,322,3.22,7,2,1,84,0.84,2,1,1,1,3,30.98,29,24,8900,23,8287,613,22.75,1,1
Cam Newton,QB,8,CAR,ARI,14,27,52,0.52,212,2.12,8,0,0,78,0.78,7,43,6,0,0,12.78,2,4,8300,19.7,8287,13,22.75,0,0
Cam Newton,QB,9,CAR,LAR,20,32,63,0.63,225,2.25,7,1,0,94,0.94,7,16,2,0,1,14.6,9,12,8100,18.1,8287,-187,22.75,0,0
Cam Newton,QB,10,CAR,KC,23,38,61,0.61,261,2.61,7,1,1,79,0.79,12,54,5,1,2,24.84,11,16,7800,16.2,8287,-487,22.75,1,1
Cam Newton,QB,11,CAR,NO,14,33,42,0.42,192,1.92,6,1,0,72,0.72,5,7,1,0,1,12.38,28,22,8500,23.1,8287,213,22.75,0,0
Cam Newton,QB,12,CAR,OAK,14,29,48,0.48,246,2.46,9,2,1,86,0.86,3,6,2,1,3,22.44,25,20,7800,17.9,8287,-487,22.75,1,0
Cam Newton,QB,13,CAR,SEA,14,32,44,0.44,182,1.82,6,1,0,73,0.73,3,12,4,0,1,12.48,5,7,7600,17,8287,-687,22.75,0,0
Cam Newton,QB,14,CAR,LAC,10,27,37,0.37,160,1.6,6,1,1,55,0.55,8,31,4,0,1,12.5,21,14,7800,17.4,8287,-487,22.75,0,0
Cam Newton,QB,15,CAR,WAS,21,37,57,0.57,300,3,8,2,0,101,1.01,3,0,0,0,2,23,25,24,7700,16.5,8287,-587,22.75,1,1
Cam Newton,QB,16,CAR,ATL,18,43,42,0.42,198,1.98,5,1,2,45,0.45,8,36,5,0,1,13.52,30,32,7900,17,8287,-387,22.75,0,0
Cam Newton,QB,17,CAR,TB,18,32,56,0.56,237,2.37,7,1,3,51,0.51,3,6,2,0,1,11.08,20,19,7800,16,8287,-487,22.75,0,0
Carson Palmer,QB,1,ARI,NE,24,37,65,0.65,271,2.71,7,2,0,105,1.05,2,1,1,0,2,18.94,11,14,7900,17.5,7580,320,18.56,1,0
Carson Palmer,QB,2,ARI,TB,17,30,57,0.57,304,3.04,10,3,0,125,1.25,0,0,0,0,3,27.16,24,27,8200,21.6,7580,620,18.56,1,1
Carson Palmer,QB,3,ARI,BUF,26,50,52,0.52,287,2.87,6,0,4,36,0.36,0,0,0,0,0,7.48,21,16,8200,20.3,7580,620,18.56,0,0
Carson Palmer,QB,4,ARI,LAR,23,36,64,0.64,288,2.88,8,1,1,86,0.86,0,0,0,0,1,13.52,12,17,8000,19.1,7580,420,18.56,0,0
Carson Palmer,QB,6,ARI,NYJ,23,34,68,0.68,213,2.13,6,1,0,94,0.94,3,-1,0,0,1,12.42,25,31,7700,17.9,7580,120,18.56,0,0
Carson Palmer,QB,7,ARI,SEA,29,49,59,0.59,342,3.42,7,0,0,80,0.8,1,8,8,0,0,17.48,3,3,7600,15.2,7580,20,18.56,1,0
Carson Palmer,QB,8,ARI,CAR,35,46,76,0.76,363,3.63,8,3,1,111,1.11,0,0,0,0,3,27.52,27,30,7300,17.2,7580,-280,18.56,1,1
Carson Palmer,QB,10,ARI,SF,30,49,61,0.61,376,3.76,8,1,2,75,0.75,1,16,16,0,1,20.64,31,23,7900,19.6,7580,320,18.56,1,0
Carson Palmer,QB,11,ARI,MIN,20,38,53,0.53,198,1.98,5,2,2,63,0.63,1,11,11,0,2,15.02,2,3,7400,14,7580,-180,18.56,1,0
Carson Palmer,QB,12,ARI,ATL,25,45,56,0.56,289,2.89,6,2,1,81,0.81,1,0,0,0,2,18.56,30,32,7100,16.3,7580,-480,18.56,1,0
Carson Palmer,QB,13,ARI,WAS,30,46,65,0.65,300,3,7,3,0,105,1.05,1,-1,-1,0,3,26.9,20,16,7000,16.5,7580,-580,18.56,1,1
Carson Palmer,QB,14,ARI,MIA,18,33,55,0.55,145,1.45,4,2,2,61,0.61,3,5,2,0,2,13.3,23,28,7400,16.3,7580,-180,18.56,0,0
Carson Palmer,QB,15,ARI,NO,28,40,70,0.7,318,3.18,8,2,0,110,1.1,0,0,0,0,2,23.72,27,21,7600,16.5,7580,20,18.56,1,1
Carson Palmer,QB,16,ARI,SEA,16,26,62,0.62,284,2.84,11,1,0,112,1.12,1,-1,-1,0,1,15.26,2,4,7000,14,7580,-580,18.56,1,0
Carson Palmer,QB,17,ARI,LAR,20,38,53,0.53,255,2.55,7,3,1,89,0.89,0,0,0,0,3,21.2,15,24,7400,15.8,7580,-180,18.56,1,1
Carson Wentz,QB,1,PHI,CLE,22,37,60,0.6,278,2.78,8,2,0,101,1.01,2,1,1,0,2,19.22,28,29,5000,13.5,6756,-1756,10.53,1,1
Carson Wentz,QB,2,PHI,CHI,21,34,62,0.62,190,1.9,6,1,0,87,0.87,6,10,2,0,1,12.6,16,15,6900,15.7,6756,144,10.53,0,0
Carson Wentz,QB,3,PHI,PIT,23,31,74,0.74,301,3.01,10,2,0,126,1.26,1,10,10,0,2,24.04,13,11,7200,15.4,6756,444,10.53,1,1
Carson Wentz,QB,5,PHI,DET,25,33,76,0.76,238,2.38,7,2,1,103,1.03,2,14,7,0,2,17.92,30,31,7500,17.5,6756,744,10.53,1,0
Carson Wentz,QB,6,PHI,WAS,11,22,50,0.5,179,1.79,8,0,0,78,0.78,2,2,1,0,0,7.36,21,13,7500,17.4,6756,744,10.53,0,0
Carson Wentz,QB,7,PHI,MIN,16,28,57,0.57,138,1.38,5,1,2,52,0.52,5,6,1,0,1,9.12,1,5,7100,15.1,6756,344,10.53,0,0
Carson Wentz,QB,8,PHI,DAL,32,43,74,0.74,202,2.02,5,1,0,91,0.91,1,-3,-3,0,1,11.78,10,18,6700,15.8,6756,-56,10.53,0,0
Carson Wentz,QB,9,PHI,NYG,27,47,57,0.57,364,3.64,8,0,2,64,0.64,4,-4,-1,0,0,15.16,12,6,6900,15.8,6756,144,10.53,0,0
Carson Wentz,QB,10,PHI,ATL,25,36,69,0.69,231,2.31,6,0,0,87,0.87,4,10,3,0,0,9.24,30,32,6800,15.7,6756,44,10.53,0,0
Carson Wentz,QB,11,PHI,SEA,23,45,51,0.51,218,2.18,5,2,2,61,0.61,1,2,2,0,2,16.92,8,8,6300,11.5,6756,-456,10.53,1,1
Carson Wentz,QB,12,PHI,GB,24,36,67,0.67,254,2.54,7,0,1,75,0.75,4,33,8,1,1,18.46,29,24,6800,15.8,6756,44,10.53,1,0
Carson Wentz,QB,13,PHI,CIN,36,60,60,0.6,308,3.08,5,1,3,58,0.58,3,16,5,0,1,19.62,24,21,6700,13.2,6756,-56,10.53,1,1
Carson Wentz,QB,14,PHI,WAS,32,46,70,0.7,314,3.14,7,1,1,87,0.87,2,5,3,0,1,18.06,25,22,6500,13.9,6756,-256,10.53,1,0
Carson Wentz,QB,15,PHI,BAL,22,42,52,0.52,170,1.7,4,0,1,53,0.53,4,8,2,1,1,12.6,5,10,6600,12.8,6756,-156,10.53,0,0
Carson Wentz,QB,16,PHI,NYG,13,24,54,0.54,152,1.52,6,1,1,70,0.7,4,27,7,0,1,11.78,6,2,6700,13,6756,-56,10.53,0,0
Carson Wentz,QB,17,PHI,DAL,27,43,63,0.63,245,2.45,6,2,0,94,0.94,1,13,13,0,2,19.1,11,14,6900,14.2,6756,144,10.53,1,0
Case Keenum,QB,1,LAR,SF,17,35,49,0.49,130,1.3,4,0,2,34,0.34,3,10,3,0,0,4.2,25,16,6000,12.8,6450,-450,5.84,0,0
Case Keenum,QB,2,LAR,SEA,18,30,60,0.6,239,2.39,8,0,0,85,0.85,3,5,2,0,0,10.06,3,15,6600,10.3,6450,150,5.84,0,0
Case Keenum,QB,3,LAR,TB,14,26,54,0.54,190,1.9,7,2,1,87,0.87,2,1,1,0,2,14.7,30,29,6700,12.8,6450,250,5.84,1,0
Case Keenum,QB,4,LAR,ARI,18,30,60,0.6,266,2.66,9,2,0,111,1.11,3,14,5,0,2,19.04,8,6,6500,9.5,6450,50,5.84,1,1
Case Keenum,QB,5,LAR,BUF,21,31,68,0.68,271,2.71,9,0,2,68,0.68,0,0,0,0,0,8.84,8,4,6600,12.5,6450,150,5.84,0,0
Case Keenum,QB,6,LAR,DET,27,32,84,0.84,321,3.21,10,3,1,127,1.27,3,7,2,1,4,33.54,28,31,6500,14.3,6450,50,5.84,1,1
Case Keenum,QB,7,LAR,NYG,32,53,60,0.6,291,2.91,6,1,4,50,0.5,1,3,3,0,1,11.94,16,11,6700,13.7,6450,250,5.84,0,0
Case Keenum,QB,9,LAR,CAR,27,46,59,0.59,296,2.96,6,1,1,76,0.76,0,0,0,0,1,14.84,27,30,6300,12.3,6450,-150,5.84,1,0
Case Keenum,QB,10,LAR,NYJ,17,30,57,0.57,165,1.65,6,0,0,72,0.72,5,11,2,0,0,7.7,21,22,6600,13.6,6450,150,5.84,0,0
Case Keenum,QB,15,LAR,SEA,5,9,56,0.56,32,0.32,4,0,0,63,0.63,0,0,0,0,0,1.28,5,7,6000,0.4,6450,-450,5.84,1,0
Cody Kessler,QB,3,CLE,MIA,21,33,64,0.64,244,2.44,7,0,0,86,0.86,2,-1,-1,0,0,10.66,20,24,6000,12.2,6289,-289,0.00,0,0
Cody Kessler,QB,4,CLE,WAS,28,40,70,0.7,223,2.23,6,1,1,82,0.82,2,2,1,0,1,12.12,28,21,6300,13.7,6289,11,0.00,0,0
Cody Kessler,QB,5,CLE,NE,5,8,63,0.63,62,0.62,8,1,0,126,1.26,1,0,0,0,1,6.48,10,17,6400,12.6,6289,111,0.00,0,0
Cody Kessler,QB,6,CLE,TEN,26,41,63,0.63,336,3.36,8,2,0,105,1.05,1,3,3,0,2,24.74,7,4,6300,13.5,6289,11,0.00,1,1
Cody Kessler,QB,7,CLE,CIN,9,11,82,0.82,82,0.82,8,0,0,98,0.98,1,-2,-2,0,0,3.08,21,25,6600,15,6289,311,0.00,0,0
Cody Kessler,QB,9,CLE,DAL,19,27,70,0.7,203,2.03,8,1,0,104,1.04,2,11,6,0,1,13.22,10,16,6000,15.8,6289,-289,0.00,0,0
Cody Kessler,QB,10,CLE,BAL,11,18,61,0.61,91,0.91,5,1,0,93,0.93,1,3,3,0,1,7.94,7,13,6500,14.3,6289,211,0.00,0,0
Cody Kessler,QB,11,CLE,PIT,7,14,50,0.5,128,1.28,9,0,1,52,0.52,1,2,2,0,0,4.32,20,12,6500,13.5,6289,211,0.00,0,0
Cody Kessler,QB,16,CLE,LAC,2,3,67,0.67,11,0.11,4,0,0,73,0.73,0,0,0,0,0,0.44,22,14,6000,0.4,6289,-289,0.00,1,0
Colin Kaepernick,QB,6,SF,BUF,13,29,45,0.45,187,1.87,6,1,0,78,0.78,8,66,8,0,1,18.08,10,3,6400,15.5,7182,-782,5.65,1,0
Colin Kaepernick,QB,7,SF,TB,16,34,47,0.47,143,1.43,4,1,1,56,0.56,9,84,9,0,1,16.12,23,17,6500,16.4,7182,-682,5.65,0,0
Colin Kaepernick,QB,9,SF,NO,24,39,62,0.62,398,3.98,10,2,1,102,1.02,5,23,5,0,2,27.22,26,23,7200,17.2,7182,18,5.65,1,1
Colin Kaepernick,QB,10,SF,ARI,17,30,57,0.57,210,2.1,7,1,0,90,0.9,10,55,6,1,2,23.9,1,2,7300,15.4,7182,118,5.65,1,1
Colin Kaepernick,QB,11,SF,NE,16,30,53,0.53,206,2.06,7,2,0,97,0.97,4,32,8,0,2,19.44,11,24,7000,15.2,7182,-182,5.65,1,0
Colin Kaepernick,QB,12,SF,MIA,29,46,63,0.63,296,2.96,6,3,1,94,0.94,10,113,11,0,3,37.14,12,13,7200,16.2,7182,18,5.65,1,1
Colin Kaepernick,QB,13,SF,CHI,1,5,20,0.2,4,0.04,1,0,0,40,0.4,6,20,3,0,0,2.16,18,15,7800,19,7182,618,5.65,0,0
Colin Kaepernick,QB,14,SF,NYJ,15,26,58,0.58,133,1.33,5,1,0,84,0.84,3,23,8,0,1,11.62,26,21,7300,16.3,7182,118,5.65,0,0
Colin Kaepernick,QB,15,SF,ATL,20,33,61,0.61,183,1.83,6,2,0,96,0.96,3,21,7,0,2,17.42,30,32,7500,16.4,7182,318,5.65,1,0
Colin Kaepernick,QB,16,SF,LAR,28,38,74,0.74,266,2.66,7,2,1,99,0.99,6,15,3,1,3,27.14,16,20,7600,16.1,7182,418,5.65,1,1
Colin Kaepernick,QB,17,SF,SEA,17,22,77,0.77,215,2.15,10,1,0,122,1.22,5,16,3,0,1,13.2,4,4,7200,14.3,7182,18,5.65,0,0
Dak Prescott,QB,1,DAL,NYG,25,45,56,0.56,227,2.27,5,0,0,69,0.69,2,12,6,0,0,10.28,31,30,5000,16.4,7381,-2381,8.15,0,0
Dak Prescott,QB,2,DAL,WAS,22,30,73,0.73,292,2.92,10,0,0,104,1.04,1,6,6,1,1,18.28,29,24,7000,14.3,7381,-381,8.15,1,0
Dak Prescott,QB,3,DAL,CHI,19,24,79,0.79,248,2.48,10,1,0,124,1.24,4,36,9,1,2,23.52,16,10,7100,16.1,7381,-281,8.15,1,1
Dak Prescott,QB,4,DAL,SF,23,32,72,0.72,245,2.45,8,2,0,115,1.15,5,3,1,0,2,18.1,20,16,7200,15.5,7381,-181,8.15,1,0
Dak Prescott,QB,5,DAL,CIN,18,24,75,0.75,227,2.27,10,1,0,118,1.18,7,4,1,1,2,18.48,13,20,7300,16.9,7381,-81,8.15,1,0
Dak Prescott,QB,6,DAL,GB,18,27,67,0.67,247,2.47,9,3,1,117,1.17,1,6,6,0,3,20.48,16,19,7200,16.7,7381,-181,8.15,1,0
Dak Prescott,QB,8,DAL,PHI,19,39,49,0.49,287,2.87,7,2,1,80,0.8,7,38,5,1,3,28.28,4,1,7100,16.9,7381,-281,8.15,1,1
Dak Prescott,QB,9,DAL,CLE,21,27,78,0.78,247,2.47,9,3,0,142,1.42,4,20,5,0,3,23.88,32,29,7600,20.5,7381,219,8.15,1,0
Dak Prescott,QB,10,DAL,PIT,22,32,69,0.69,319,3.19,10,2,0,122,1.22,0,0,0,0,2,22.76,15,12,7700,20.7,7381,319,8.15,1,0
Dak Prescott,QB,11,DAL,BAL,27,36,75,0.75,301,3.01,8,3,0,127,1.27,2,16,8,0,3,28.64,3,7,7500,18.5,7381,119,8.15,1,1
Dak Prescott,QB,12,DAL,WAS,17,24,71,0.71,195,1.95,8,1,0,109,1.09,8,39,5,1,2,21.7,19,16,8000,19,7381,619,8.15,1,0
Dak Prescott,QB,13,DAL,MIN,12,18,67,0.67,139,1.39,8,1,0,108,1.08,6,37,6,0,1,12.26,2,3,8000,17.2,7381,619,8.15,0,0
Dak Prescott,QB,14,DAL,NYG,17,37,46,0.46,165,1.65,5,1,2,45,0.45,1,1,1,0,1,8.7,9,2,8000,17.2,7381,619,8.15,0,0
Dak Prescott,QB,15,DAL,TB,32,36,89,0.89,279,2.79,8,0,0,99,0.99,4,20,5,1,1,19.16,19,16,7900,16.3,7381,519,8.15,1,0
Dak Prescott,QB,16,DAL,DET,15,20,75,0.75,212,2.12,11,3,0,148,1.48,4,35,9,0,3,23.98,16,24,7800,17.1,7381,419,8.15,1,1
Dak Prescott,QB,17,DAL,PHI,4,8,50,0.5,37,0.37,5,0,0,63,0.63,1,9,9,0,0,2.38,14,11,7700,8.7,7381,319,8.15,0,0
Derek Carr,QB,1,OAK,NO,24,38,63,0.63,319,3.19,8,1,0,98,0.98,2,16,8,0,1,25.36,32,32,7700,19.4,7980,-280,17.88,1,1
Derek Carr,QB,2,OAK,ATL,34,45,76,0.76,299,2.99,7,3,0,115,1.15,2,10,5,0,3,24.96,26,28,8300,19,7980,320,17.88,1,1
Derek Carr,QB,3,OAK,TEN,21,35,60,0.6,249,2.49,7,1,1,79,0.79,1,-1,-1,0,1,12.86,8,9,8100,18.1,7980,120,17.88,0,0
Derek Carr,QB,4,OAK,BAL,25,35,71,0.71,199,1.99,6,4,0,123,1.23,3,-2,-1,0,4,23.76,3,5,8000,17.3,7980,20,17.88,1,1
Derek Carr,QB,5,OAK,LAC,25,40,63,0.63,317,3.17,8,2,1,93,0.93,2,13,7,0,2,25.98,25,22,8100,18.2,7980,120,17.88,1,1
Derek Carr,QB,6,OAK,KC,22,34,65,0.65,225,2.25,7,1,1,81,0.81,3,8,3,0,1,11.8,17,9,7900,16.7,7980,-80,17.88,0,0
Derek Carr,QB,7,OAK,JAX,23,37,62,0.62,200,2,5,1,0,85,0.85,4,4,1,0,1,12.4,17,22,8300,18.2,7980,320,17.88,0,0
Derek Carr,QB,8,OAK,TB,40,59,68,0.68,513,5.13,9,4,0,117,1.17,1,13,13,0,4,39.82,20,15,7800,19.6,7980,-180,17.88,1,1
Derek Carr,QB,9,OAK,DEN,20,31,65,0.65,184,1.84,6,0,0,81,0.81,4,3,1,0,0,7.66,2,1,7700,16.6,7980,-280,17.88,0,0
Derek Carr,QB,11,OAK,HOU,21,31,68,0.68,295,2.95,10,3,1,117,1.17,2,-2,-1,0,3,22.6,6,5,7800,17,7980,-180,17.88,1,1
Derek Carr,QB,12,OAK,CAR,26,38,68,0.68,315,3.15,8,2,1,100,1,4,-13,-3,0,2,22.3,23,24,7900,18.4,7980,-80,17.88,1,0
Derek Carr,QB,13,OAK,BUF,19,35,54,0.54,260,2.6,7,2,0,97,0.97,2,4,2,0,2,20.8,11,11,8100,17.8,7980,120,17.88,1,0
Derek Carr,QB,14,OAK,KC,17,41,42,0.42,117,1.17,3,0,0,49,0.49,2,3,2,0,0,4.98,18,25,8000,16.4,7980,20,17.88,0,0
Derek Carr,QB,15,OAK,LAC,19,30,63,0.63,213,2.13,7,1,1,82,0.82,5,5,1,0,1,12.02,22,14,7900,16.5,7980,-80,17.88,0,0
Derek Carr,QB,16,OAK,IND,20,30,67,0.67,228,2.28,8,3,0,123,1.23,1,8,8,0,3,21.92,25,25,8100,18,7980,120,17.88,1,0
Drew Brees,QB,1,NO,OAK,28,42,67,0.67,423,4.23,10,4,0,131,1.31,2,5,3,0,4,35.42,20,21,8700,20.6,8569,131,20.01,1,1
Drew Brees,QB,2,NO,NYG,29,44,66,0.66,263,2.63,6,1,0,89,0.89,0,0,0,0,1,14.52,12,7,9200,22.4,8569,631,20.01,0,0
Drew Brees,QB,3,NO,ATL,36,54,67,0.67,376,3.76,7,3,1,97,0.97,2,9,5,0,3,29.94,32,31,9000,21.3,8569,431,20.01,1,1
Drew Brees,QB,4,NO,LAC,23,36,64,0.64,207,2.07,6,2,2,75,0.75,4,-4,-1,0,2,13.88,25,27,8600,22,8569,31,20.01,0,0
Drew Brees,QB,6,NO,CAR,34,49,69,0.69,465,4.65,10,4,1,118,1.18,0,0,0,0,4,36.6,20,23,8500,19.5,8569,-69,20.01,1,1
Drew Brees,QB,7,NO,KC,37,48,77,0.77,367,3.67,8,3,1,110,1.1,0,0,0,0,3,28.68,13,8,8500,19.4,8569,-69,20.01,1,1
Drew Brees,QB,8,NO,SEA,27,35,77,0.77,265,2.65,8,1,0,107,1.07,1,1,1,1,2,20.7,5,6,8000,20.1,8569,-569,20.01,1,0
Drew Brees,QB,9,NO,SF,28,39,72,0.72,323,3.23,8,3,0,122,1.22,2,-2,-1,0,3,27.72,29,21,8600,22.1,8569,31,20.01,1,1
Drew Brees,QB,10,NO,DEN,21,29,72,0.72,303,3.03,10,3,2,112,1.12,2,9,5,0,3,26.02,3,1,8200,18.7,8569,-369,20.01,1,1
Drew Brees,QB,11,NO,CAR,35,44,80,0.8,285,2.85,7,2,1,99,0.99,2,0,0,0,2,17.4,21,26,8300,18.7,8569,-269,20.01,0,0
Drew Brees,QB,12,NO,LAR,28,36,78,0.78,310,3.1,9,4,0,140,1.4,1,1,1,1,5,36.5,4,7,8600,19.7,8569,31,20.01,1,1
Drew Brees,QB,13,NO,DET,31,44,71,0.71,326,3.26,7,0,3,63,0.63,0,0,0,0,0,13.04,19,28,9300,21.7,8569,731,20.01,0,0
Drew Brees,QB,14,NO,TB,25,41,61,0.61,257,2.57,6,0,3,49,0.49,1,2,2,0,0,7.48,20,20,8700,18.4,8569,131,20.01,0,0
Drew Brees,QB,15,NO,ARI,37,48,77,0.77,389,3.89,8,4,0,128,1.28,2,-2,-1,0,4,33.36,3,4,8200,16.7,8569,-369,20.01,1,1
Drew Brees,QB,16,NO,TB,23,34,68,0.68,299,2.99,9,1,0,105,1.05,4,1,0,0,1,16.06,21,19,8500,19.8,8569,-69,20.01,0,0
Drew Brees,QB,17,NO,ATL,29,50,58,0.58,350,3.5,7,2,1,85,0.85,0,0,0,0,2,24,29,31,8200,19.6,8569,-369,20.01,1,0
Drew Stanton,QB,4,ARI,LAR,4,11,36,0.36,37,0.37,3,0,2,7,0.07,0,0,0,0,0,-0.52,12,17,5000,0.2,5650,-650,0.00,0,0
Drew Stanton,QB,5,ARI,SF,11,28,39,0.39,124,1.24,4,2,0,77,0.77,2,-2,-1,0,2,12.76,22,19,6300,12.6,5650,650,0.00,1,0
EJ Manuel,QB,17,BUF,NYJ,9,20,45,0.45,86,0.86,4,0,0,58,0.58,2,8,4,0,0,3.24,26,28,5000,11.9,5000,0,0.00,0,0
Eli Manning,QB,1,NYG,DAL,19,28,68,0.68,207,2.07,7,3,1,110,1.1,1,0,0,0,3,19.28,14,13,7200,18.3,7669,-469,18.55,1,0
Eli Manning,QB,2,NYG,NO,32,41,78,0.78,368,3.68,9,0,0,104,1.04,4,-4,-1,0,0,16.32,28,25,8100,20.6,7669,431,18.55,0,0
Eli Manning,QB,3,NYG,WAS,25,38,66,0.66,350,3.5,9,1,2,82,0.82,0,0,0,0,1,19,28,25,7700,18.9,7669,31,18.55,1,0
Eli Manning,QB,4,NYG,MIN,25,45,56,0.56,261,2.61,6,0,1,63,0.63,0,0,0,0,0,9.44,5,14,7500,15.1,7669,-169,18.55,0,0
Eli Manning,QB,5,NYG,GB,18,35,51,0.51,199,1.99,6,1,0,78,0.78,1,1,1,0,1,11.06,23,28,7700,16.9,7669,31,18.55,0,0
Eli Manning,QB,6,NYG,BAL,32,46,70,0.7,403,4.03,9,3,2,100,1,0,0,0,0,3,29.12,4,8,7700,16,7669,31,18.55,1,1
Eli Manning,QB,7,NYG,LAR,24,37,65,0.65,196,1.96,5,0,0,78,0.78,2,-2,-1,0,0,7.64,15,20,7700,17.4,7669,31,18.55,0,0
Eli Manning,QB,9,NYG,PHI,22,36,61,0.61,257,2.57,7,4,2,97,0.97,2,-4,-2,0,4,23.88,5,5,7500,13.5,7669,-169,18.55,1,1
Eli Manning,QB,10,NYG,CIN,28,44,64,0.64,240,2.4,6,3,2,82,0.82,3,4,1,0,3,20,24,28,7600,14.9,7669,-69,18.55,1,1
Eli Manning,QB,11,NYG,CHI,21,36,58,0.58,227,2.27,6,2,0,95,0.95,4,1,0,0,2,17.18,16,15,7700,16.8,7669,31,18.55,1,0
Eli Manning,QB,12,NYG,CLE,15,27,56,0.56,194,1.94,7,3,0,115,1.15,2,-2,-1,0,3,19.56,31,30,7800,17.6,7669,131,18.55,1,0
Eli Manning,QB,13,NYG,PIT,24,39,62,0.62,195,1.95,5,2,2,70,0.7,1,-1,-1,0,2,13.7,12,7,7900,17.4,7669,231,18.55,0,0
Eli Manning,QB,14,NYG,DAL,17,28,61,0.61,193,1.93,7,1,1,78,0.78,2,-2,-1,0,1,8.52,18,27,7700,16.9,7669,31,18.55,0,0
Eli Manning,QB,15,NYG,DET,20,28,71,0.71,201,2.01,7,2,0,115,1.15,0,0,0,0,2,16.04,18,26,7700,16,7669,31,18.55,1,0
Eli Manning,QB,16,NYG,PHI,38,63,60,0.6,356,3.56,6,1,3,61,0.61,0,0,0,0,1,18.24,12,14,7700,15.8,7669,31,18.55,1,0
Eli Manning,QB,17,NYG,WAS,17,27,63,0.63,180,1.8,7,0,0,82,0.82,0,0,0,0,0,7.2,25,21,7500,11.8,7669,-169,18.55,0,0
Jameis Winston,QB,1,TB,ATL,23,32,72,0.72,281,2.81,9,4,1,125,1.25,4,3,1,0,4,26.54,10,8,7500,17.7,7606,-106,18.22,1,1
Jameis Winston,QB,2,TB,ARI,27,52,52,0.52,243,2.43,5,1,4,39,0.39,3,9,3,0,1,9.62,17,11,7600,15.9,7606,-6,18.22,0,0
Jameis Winston,QB,3,TB,LAR,36,58,62,0.62,405,4.05,7,3,1,93,0.93,4,13,3,0,3,30.5,5,7,7600,15.8,7606,-6,18.22,1,1
Jameis Winston,QB,4,TB,DEN,17,35,49,0.49,179,1.79,5,0,2,40,0.4,5,19,4,1,1,13.06,9,10,7100,14.6,7606,-506,18.22,0,0
Jameis Winston,QB,5,TB,CAR,18,30,60,0.6,219,2.19,7,1,0,94,0.94,4,6,2,0,1,15.36,21,24,7400,14,7606,-206,18.22,1,0
Jameis Winston,QB,7,TB,SF,21,30,70,0.7,269,2.69,9,3,1,117,1.17,1,-1,-1,0,3,21.66,24,17,7500,17,7606,-106,18.22,1,0
Jameis Winston,QB,8,TB,OAK,16,32,50,0.5,180,1.8,6,2,0,88,0.88,3,16,5,0,2,18.8,26,26,7400,16.5,7606,-206,18.22,1,0
Jameis Winston,QB,9,TB,ATL,23,37,62,0.62,261,2.61,7,3,0,110,1.1,2,14,7,0,3,22.84,31,32,7700,15.9,7606,94,18.22,1,1
Jameis Winston,QB,10,TB,CHI,23,33,70,0.7,312,3.12,10,2,1,107,1.07,0,0,0,0,2,22.48,14,15,7800,16.8,7606,194,18.22,1,1
Jameis Winston,QB,11,TB,KC,24,39,62,0.62,331,3.31,9,1,0,97,0.97,5,22,4,0,1,21.44,10,17,7500,15.2,7606,-106,18.22,1,1
Jameis Winston,QB,12,TB,SEA,21,28,75,0.75,220,2.2,8,2,1,106,1.06,5,12,2,0,2,17,6,6,7200,15,7606,-406,18.22,1,0
Jameis Winston,QB,13,TB,LAC,20,30,67,0.67,280,2.8,9,1,1,94,0.94,4,1,0,0,1,16.3,21,14,7600,17.1,7606,-6,18.22,0,0
Jameis Winston,QB,14,TB,NO,16,26,62,0.62,184,1.84,7,0,0,83,0.83,5,16,3,0,0,8.96,27,23,8200,18.8,7606,594,18.22,0,0
Jameis Winston,QB,15,TB,DAL,17,35,49,0.49,247,2.47,7,2,3,55,0.55,1,6,6,0,2,14.48,11,20,7800,16.1,7606,194,18.22,0,0
Jameis Winston,QB,16,TB,NO,23,35,66,0.66,277,2.77,8,2,2,85,0.85,3,14,5,0,2,18.48,29,26,8000,17.2,7606,394,18.22,1,0
Jameis Winston,QB,17,TB,CAR,20,35,57,0.57,202,2.02,6,1,1,71,0.71,3,18,6,0,1,11.88,27,20,7800,17.5,7606,194,18.22,0,0
Jimmy Garoppolo,QB,1,NE,ARI,24,33,73,0.73,264,2.64,8,1,0,106,1.06,4,12,3,0,1,16.06,8,6,6900,13.8,7000,-100,3.94,1,0
Jimmy Garoppolo,QB,2,NE,MIA,18,26,69,0.69,232,2.32,9,3,0,135,1.35,0,0,0,0,3,21.28,8,9,7100,13.4,7000,100,3.94,1,1
Joe Flacco,QB,1,BAL,BUF,22,33,67,0.67,258,2.58,8,1,0,100,1,4,-3,-1,0,1,13.02,15,17,7000,15.4,7413,-413,16.66,0,0
Joe Flacco,QB,2,BAL,CLE,25,45,56,0.56,302,3.02,7,2,2,73,0.73,1,1,1,0,2,21.18,25,20,7400,16.3,7413,-13,16.66,1,0
Joe Flacco,QB,3,BAL,JAX,29,40,73,0.73,214,2.14,5,0,2,64,0.64,3,12,4,1,1,13.76,26,28,7600,16.8,7413,187,16.66,0,0
Joe Flacco,QB,4,BAL,OAK,32,52,62,0.62,298,2.98,6,1,0,84,0.84,1,1,1,1,2,23.02,30,30,7700,17.2,7413,287,16.66,1,1
Joe Flacco,QB,5,BAL,WAS,30,46,65,0.65,210,2.1,5,1,0,83,0.83,1,6,6,0,1,13,26,16,7600,16.5,7413,187,16.66,0,0
Joe Flacco,QB,6,BAL,NYG,26,48,54,0.54,307,3.07,6,0,0,74,0.74,1,0,0,0,0,15.28,15,11,7500,16.4,7413,87,16.66,0,0
Joe Flacco,QB,7,BAL,NYJ,25,44,57,0.57,248,2.48,6,0,2,54,0.54,1,1,1,0,0,8.02,25,27,7600,15.7,7413,187,16.66,0,0
Joe Flacco,QB,9,BAL,PIT,18,30,60,0.6,241,2.41,8,1,1,83,0.83,3,12,4,0,1,15.84,18,14,7500,14.8,7413,87,16.66,1,0
Joe Flacco,QB,10,BAL,CLE,30,41,73,0.73,296,2.96,7,3,2,97,0.97,1,3,3,0,3,24.14,32,30,7500,17.2,7413,87,16.66,1,1
Joe Flacco,QB,11,BAL,DAL,23,35,66,0.66,269,2.69,8,1,0,98,0.98,1,6,6,0,1,15.36,12,20,7100,14.1,7413,-313,16.66,1,0
Joe Flacco,QB,12,BAL,CIN,25,36,69,0.69,234,2.34,7,1,1,85,0.85,2,19,10,0,1,14.26,22,26,7300,14.6,7413,-113,16.66,0,0
Joe Flacco,QB,13,BAL,MIA,36,47,77,0.77,381,3.81,8,4,1,119,1.19,0,0,0,0,4,33.24,15,18,7300,14.4,7413,-113,16.66,1,1
Joe Flacco,QB,14,BAL,NE,37,52,71,0.71,324,3.24,6,2,1,92,0.92,1,1,1,0,2,23.06,8,20,7500,15.4,7413,87,16.66,1,1
Joe Flacco,QB,15,BAL,PHI,16,30,53,0.53,206,2.06,7,2,1,83,0.83,1,-1,-1,0,2,14.14,12,13,7400,15.6,7413,-13,16.66,0,0
Joe Flacco,QB,16,BAL,PIT,30,44,68,0.68,262,2.62,6,1,1,82,0.82,0,0,0,0,1,15.48,8,5,7300,14.8,7413,-113,16.66,1,0
Joe Flacco,QB,17,BAL,CIN,32,49,65,0.65,267,2.67,5,0,1,71,0.71,0,0,0,0,0,9.68,13,15,7300,15.2,7413,-113,16.66,0,0
Josh McCown,QB,2,CLE,BAL,20,33,61,0.61,260,2.6,8,2,2,80,0.8,2,0,0,0,2,16.4,2,2,6000,13.8,6340,-340,3.04,1,0
Josh McCown,QB,8,CLE,NYJ,25,49,51,0.51,341,3.41,7,2,2,70,0.7,3,10,3,0,2,25.64,22,24,6400,13.8,6340,60,3.04,1,1
Josh McCown,QB,10,CLE,BAL,6,13,46,0.46,59,0.59,5,0,2,20,0.2,0,0,0,0,0,-0.64,7,13,6400,0.9,6340,60,3.04,0,0
Josh McCown,QB,11,CLE,PIT,14,27,52,0.52,118,1.18,4,1,0,76,0.76,2,11,6,0,1,8.82,20,12,6500,0.9,6340,160,3.04,1,1
Josh McCown,QB,12,CLE,NYG,25,43,58,0.58,322,3.22,8,1,0,89,0.89,0,0,0,0,1,17.88,9,2,6400,14.2,6340,60,3.04,1,0
Kirk Cousins,QB,1,WAS,PIT,30,43,70,0.7,329,3.29,8,0,2,73,0.73,1,8,8,0,0,14.96,18,19,7800,17.6,7513,288,17.66,0,0
Kirk Cousins,QB,2,WAS,DAL,28,46,61,0.61,364,3.64,8,1,1,84,0.84,2,20,10,0,1,22.56,14,19,7800,18.2,7513,287,17.66,1,0
Kirk Cousins,QB,3,WAS,NYG,21,35,60,0.6,296,2.96,9,2,0,106,1.06,3,-5,-2,0,2,19.34,10,5,7200,17.3,7513,-313,17.66,1,0
Kirk Cousins,QB,4,WAS,CLE,21,27,78,0.78,183,1.83,7,3,1,117,1.17,0,0,0,0,3,18.32,26,22,7600,19.4,7513,87,17.66,0,0
Kirk Cousins,QB,5,WAS,BAL,29,41,71,0.71,260,2.6,6,1,1,85,0.85,1,-1,-1,0,1,13.3,6,7,7500,15.4,7513,-13,17.66,0,0
Kirk Cousins,QB,6,WAS,PHI,18,34,53,0.53,263,2.63,8,2,1,86,0.86,2,8,4,0,2,18.32,1,2,7400,16.3,7513,-113,17.66,1,0
Kirk Cousins,QB,7,WAS,DET,30,39,77,0.77,301,3.01,8,1,0,107,1.07,3,15,5,1,2,25.54,29,32,7300,19.5,7513,-213,17.66,1,1
Kirk Cousins,QB,8,WAS,CIN,38,56,68,0.68,458,4.58,8,2,1,97,0.97,3,-1,0,0,2,28.22,19,27,7200,17,7513,-313,17.66,1,1
Kirk Cousins,QB,10,WAS,MIN,22,33,67,0.67,262,2.62,8,2,0,111,1.11,1,-1,-1,0,2,18.38,2,3,7100,17.1,7513,-413,17.66,1,0
Kirk Cousins,QB,11,WAS,GB,21,30,70,0.7,375,3.75,13,3,0,146,1.46,4,4,1,0,3,30.4,25,20,7600,17.8,7513,87,17.66,1,1
Kirk Cousins,QB,12,WAS,DAL,41,53,77,0.77,449,4.49,9,3,0,121,1.21,1,2,2,0,3,33.16,11,17,7400,17.5,7513,-113,17.66,1,1
Kirk Cousins,QB,13,WAS,ARI,21,37,57,0.57,271,2.71,7,1,1,78,0.78,2,0,0,1,2,18.84,1,4,7500,15.8,7513,-13,17.66,1,0
Kirk Cousins,QB,14,WAS,PHI,14,21,67,0.67,234,2.34,11,2,1,116,1.16,4,6,2,0,2,16.96,11,11,7600,17.9,7513,87,17.66,0,0
Kirk Cousins,QB,15,WAS,CAR,32,47,68,0.68,315,3.15,7,0,1,78,0.78,2,11,6,0,0,14.7,28,23,7500,17.8,7513,-13,17.66,0,0
Kirk Cousins,QB,16,WAS,CHI,18,29,62,0.62,270,2.7,9,1,0,104,1.04,5,30,6,2,3,29.8,12,11,7800,16.9,7513,287,17.66,1,1
Kirk Cousins,QB,17,WAS,NYG,22,35,63,0.63,287,2.87,8,1,2,74,0.74,0,0,0,0,1,13.48,5,2,7900,18,7513,387,17.66,0,0
Marcus Mariota,QB,1,TEN,MIN,25,41,61,0.61,271,2.71,7,2,1,87,0.87,4,19,5,0,2,18.74,12,15,7500,16.7,7653,-153,17.42,1,0
Marcus Mariota,QB,2,TEN,DET,25,33,76,0.76,238,2.38,7,2,1,103,1.03,2,11,6,0,2,17.62,32,32,7500,18.4,7653,-153,17.42,0,0
Marcus Mariota,QB,3,TEN,OAK,17,33,52,0.52,214,2.14,7,0,2,47,0.47,3,22,7,0,0,7.76,32,32,7700,17.9,7653,47,17.42,0,0
Marcus Mariota,QB,4,TEN,HOU,13,29,45,0.45,202,2.02,7,0,1,54,0.54,4,20,5,0,0,9.08,4,4,7400,13.8,7653,-253,17.42,0,0
Marcus Mariota,QB,5,TEN,MIA,20,29,69,0.69,163,1.63,6,3,0,117,1.17,7,60,9,1,4,30.52,19,14,7000,17.1,7653,-653,17.42,1,1
Marcus Mariota,QB,6,TEN,CLE,17,24,71,0.71,284,2.84,12,3,1,133,1.33,7,64,9,0,3,28.76,31,28,7600,16.4,7653,-53,17.42,1,1
Marcus Mariota,QB,7,TEN,IND,22,37,60,0.6,232,2.32,6,2,0,96,0.96,2,14,7,0,2,17.68,26,24,7900,19.1,7653,247,17.42,0,0
Marcus Mariota,QB,8,TEN,JAX,18,22,82,0.82,270,2.7,12,2,0,148,1.48,3,11,4,0,2,19.9,17,19,7500,17.2,7653,-153,17.42,1,0
Marcus Mariota,QB,9,TEN,LAC,27,43,63,0.63,313,3.13,7,3,2,89,0.89,3,14,5,1,4,31.92,20,13,7600,16.5,7653,-53,17.42,1,1
Marcus Mariota,QB,10,TEN,GB,19,26,73,0.73,295,2.95,11,4,0,150,1.5,5,0,0,0,4,27.8,13,13,7400,17.9,7653,-253,17.42,1,1
Marcus Mariota,QB,11,TEN,IND,25,38,66,0.66,290,2.9,8,2,0,106,1.06,5,29,6,0,2,22.5,29,29,8000,18.8,7653,347,17.42,1,0
Marcus Mariota,QB,12,TEN,CHI,15,23,65,0.65,226,2.26,10,2,0,126,1.26,4,46,12,0,2,21.64,17,15,8300,18.1,7653,647,17.42,1,0
Marcus Mariota,QB,14,TEN,DEN,6,20,30,0.3,88,0.88,4,0,0,45,0.45,8,38,5,0,0,7.32,1,1,7900,15,7653,247,17.42,0,0
Marcus Mariota,QB,15,TEN,KC,19,33,58,0.58,241,2.41,7,0,1,68,0.68,1,-2,-2,0,0,7.44,15,18,7700,15.9,7653,47,17.42,0,0
Marcus Mariota,QB,16,TEN,JAX,8,20,40,0.4,99,0.99,5,1,0,73,0.73,2,3,2,0,1,8.26,10,7,7800,16.5,7653,147,17.42,0,0
Matt Barkley,QB,7,CHI,GB,6,15,40,0.4,81,0.81,5,0,2,18,0.18,1,-1,-1,0,0,1.14,20,23,5000,0,6029,-1029,0.00,1,0
Matt Barkley,QB,12,CHI,TEN,28,54,52,0.52,316,3.16,6,3,2,73,0.73,2,0,0,0,3,25.64,19,21,6000,10,6029,-29,0.00,1,1
Matt Barkley,QB,13,CHI,SF,11,18,61,0.61,192,1.92,11,0,0,97,0.97,4,3,1,0,0,7.98,32,29,6000,14.1,6029,-29,0.00,0,0
Matt Barkley,QB,14,CHI,DET,20,32,63,0.63,212,2.12,7,1,0,92,0.92,0,0,0,0,1,12.48,18,24,6200,12.9,6029,171,0.00,0,0
Matt Barkley,QB,15,CHI,GB,30,43,70,0.7,362,3.62,8,2,3,82,0.82,0,0,0,0,2,21.48,16,11,6200,13.7,6029,171,0.00,1,1
Matt Barkley,QB,16,CHI,WAS,24,40,60,0.6,323,3.23,8,2,5,63,0.63,0,0,0,0,2,18.92,28,27,6300,15,6029,271,0.00,1,0
Matt Barkley,QB,17,CHI,MIN,10,14,71,0.71,125,1.25,9,0,2,59,0.59,0,0,0,0,0,9.2,6,7,6500,12,6029,471,0.00,0,0
Matt Moore,QB,14,MIA,ARI,3,5,60,0.6,47,0.47,9,0,0,91,0.91,0,0,0,0,0,1.88,3,4,5500,0.3,6225,-725,0.00,1,0
Matt Moore,QB,15,MIA,NYJ,12,18,67,0.67,236,2.36,13,4,1,126,1.26,0,0,0,0,4,24.44,24,22,6000,13.6,6225,-225,0.00,1,1
Matt Moore,QB,16,MIA,BUF,16,30,53,0.53,233,2.33,8,2,1,87,0.87,1,-1,-1,0,2,16.22,13,13,6500,13.7,6225,275,0.00,1,0
Matt Moore,QB,17,MIA,NE,24,34,71,0.71,205,2.05,6,2,1,93,0.93,0,0,0,0,2,15.2,2,13,6900,13.2,6225,675,0.00,1,0
Matt Ryan,QB,1,ATL,TB,27,39,69,0.69,334,3.34,9,2,0,113,1.13,3,10,3,0,2,27.36,21,23,7100,17.8,7050,50,17.15,1,1
Matt Ryan,QB,2,ATL,OAK,26,34,77,0.77,396,3.96,12,3,1,132,1.32,0,0,0,0,3,31.84,30,31,6800,18.1,7050,-250,17.15,1,1
Matt Ryan,QB,3,ATL,NO,20,30,67,0.67,240,2.4,8,2,0,113,1.13,5,23,5,0,2,19.9,26,19,7400,23.5,7050,350,17.15,0,0
Matt Ryan,QB,4,ATL,CAR,28,37,76,0.76,503,5.03,14,4,1,142,1.42,4,14,4,0,4,39.52,7,9,7000,17.2,7050,-50,17.15,1,1
Matt Ryan,QB,5,ATL,DEN,15,28,54,0.54,267,2.67,10,1,0,98,0.98,3,3,1,0,1,14.98,3,5,7100,17,7050,50,17.15,0,0
Matt Ryan,QB,6,ATL,SEA,27,42,64,0.64,335,3.35,8,3,1,103,1.03,1,2,2,0,3,26.6,2,1,6700,17.9,7050,-350,17.15,1,1
Matt Ryan,QB,7,ATL,LAC,22,34,65,0.65,273,2.73,8,1,1,87,0.87,3,8,3,0,1,14.72,22,23,7200,24.2,7050,150,17.15,0,0
Matt Ryan,QB,8,ATL,GB,28,35,80,0.8,288,2.88,8,3,0,130,1.3,2,9,5,0,3,24.42,11,9,7000,24.3,7050,-50,17.15,1,0
Matt Ryan,QB,9,ATL,TB,25,34,74,0.74,344,3.44,10,4,0,145,1.45,2,0,0,0,4,31.76,26,26,7100,26.8,7050,50,17.15,1,0
Matt Ryan,QB,10,ATL,PHI,18,33,55,0.55,267,2.67,8,1,1,79,0.79,0,0,0,0,1,13.68,7,6,7300,18.9,7050,250,17.15,0,0
Matt Ryan,QB,12,ATL,ARI,26,34,77,0.77,269,2.69,8,2,1,106,1.06,4,15,4,0,2,19.26,1,3,6900,17.2,7050,-150,17.15,1,0
Matt Ryan,QB,13,ATL,KC,22,34,65,0.65,297,2.97,9,1,1,90,0.9,3,23,8,0,1,17.18,16,23,6800,19.1,7050,-250,17.15,0,0
Matt Ryan,QB,14,ATL,LAR,18,28,64,0.64,237,2.37,9,3,0,127,1.27,0,0,0,0,3,21.48,13,12,6500,17.1,7050,-550,17.15,1,0
Matt Ryan,QB,15,ATL,SF,17,23,74,0.74,286,2.86,12,2,0,144,1.44,1,-1,-1,0,2,19.34,32,28,7300,19.3,7050,250,17.15,1,0
Matt Ryan,QB,16,ATL,CAR,27,33,82,0.82,277,2.77,8,2,0,122,1.22,2,9,5,0,2,19.98,27,17,7200,19.9,7050,150,17.15,1,0
Matt Ryan,QB,17,ATL,NO,27,36,75,0.75,331,3.31,9,4,0,140,1.4,2,2,1,0,4,32.44,30,23,7400,20.6,7050,350,17.15,1,1
Matthew Stafford,QB,1,DET,IND,31,39,80,0.8,340,3.4,9,3,0,129,1.29,2,5,3,0,3,29.1,27,22,7200,19.1,6519,681,17.96,1,1
Matthew Stafford,QB,2,DET,TEN,22,40,55,0.55,260,2.6,7,1,1,73,0.73,2,31,16,0,1,16.5,6,6,7300,19.2,6519,781,17.96,0,0
Matthew Stafford,QB,3,DET,GB,28,41,68,0.68,385,3.85,9,3,1,112,1.12,2,11,6,0,3,30.5,15,17,6800,18.5,6519,281,17.96,1,1
Matthew Stafford,QB,4,DET,CHI,23,36,64,0.64,213,2.13,6,0,2,57,0.57,2,17,9,0,0,10.22,22,19,7300,23.9,6519,781,17.96,0,0
Matthew Stafford,QB,5,DET,PHI,19,25,76,0.76,180,1.8,7,3,0,135,1.35,6,16,3,0,3,19.8,1,1,6600,17,6519,81,17.96,1,0
Matthew Stafford,QB,6,DET,LAR,23,31,74,0.74,270,2.7,9,4,0,140,1.4,5,14,3,0,4,28.2,11,12,6200,18.8,6519,-319,17.96,1,1
Matthew Stafford,QB,7,DET,WAS,18,29,62,0.62,266,2.66,9,1,0,104,1.04,2,32,16,0,1,17.84,16,11,6400,20.5,6519,-119,17.96,0,0
Matthew Stafford,QB,8,DET,HOU,27,41,66,0.66,240,2.4,6,1,0,89,0.89,0,0,0,0,1,13.6,6,7,6400,20.4,6519,-119,17.96,0,0
Matthew Stafford,QB,9,DET,MIN,23,36,64,0.64,219,2.19,6,2,1,88,0.88,0,0,0,0,2,15.76,1,2,5600,16.7,6519,-919,17.96,0,0
Matthew Stafford,QB,11,DET,JAX,24,33,73,0.73,278,2.78,8,0,0,98,0.98,2,0,0,0,0,11.12,17,13,6600,17.4,6519,81,17.96,0,0
Matthew Stafford,QB,12,DET,MIN,23,40,58,0.58,232,2.32,6,1,0,83,0.83,4,30,8,0,1,16.28,3,4,5700,16.8,6519,-819,17.96,0,0
Matthew Stafford,QB,13,DET,NO,30,42,71,0.71,341,3.41,8,2,0,111,1.11,3,22,7,0,2,26.84,26,17,7000,19.2,6519,481,17.96,1,1
Matthew Stafford,QB,14,DET,CHI,21,35,60,0.6,223,2.23,6,1,2,64,0.64,4,15,4,1,2,18.42,12,10,6800,18.8,6519,281,17.96,0,0
Matthew Stafford,QB,15,DET,NYG,24,39,62,0.62,273,2.73,7,0,1,72,0.72,2,13,7,0,0,11.22,7,2,6300,15.7,6519,-219,17.96,0,0
Matthew Stafford,QB,16,DET,DAL,26,46,57,0.57,260,2.6,6,0,1,64,0.64,1,1,1,1,1,14.5,12,17,6100,16.4,6519,-419,17.96,0,0
Matthew Stafford,QB,17,DET,GB,26,41,63,0.63,347,3.47,9,2,1,96,0.96,0,0,0,0,2,23.88,22,17,6000,17.7,6519,-519,17.96,1,1
Paxton Lynch,QB,4,DEN,TB,14,24,58,0.58,170,1.7,7,1,0,94,0.94,3,-4,-1,0,1,10.4,27,29,5000,0.9,5067,-67,7.01,1,1
Paxton Lynch,QB,5,DEN,ATL,23,35,66,0.66,223,2.23,6,1,1,81,0.81,6,18,3,0,1,13.72,32,32,5200,16,5067,133,7.01,0,0
Paxton Lynch,QB,13,DEN,JAX,12,24,50,0.5,104,1.04,4,0,0,62,0.62,2,11,6,0,0,5.26,8,24,5000,0.8,5067,-67,7.01,1,0
Philip Rivers,QB,1,LAC,KC,25,36,69,0.69,243,2.43,7,1,0,97,0.97,2,9,5,0,1,14.62,7,5,7000,16.4,6525,475,18.47,0,0
Philip Rivers,QB,2,LAC,JAX,17,24,71,0.71,220,2.2,9,4,0,139,1.39,1,10,10,0,4,24.8,16,26,6400,18.7,6525,-125,18.47,1,1
Philip Rivers,QB,3,LAC,IND,26,39,67,0.67,326,3.26,8,0,0,92,0.92,1,2,2,0,0,15.24,27,23,6700,18.7,6525,175,18.47,0,0
Philip Rivers,QB,4,LAC,NO,28,43,65,0.65,321,3.21,8,2,1,93,0.93,1,0,0,0,2,22.84,29,22,6900,23.3,6525,375,18.47,0,0
Philip Rivers,QB,5,LAC,OAK,21,30,70,0.7,359,3.59,12,4,2,122,1.22,0,0,0,0,4,31.36,31,30,6900,18.4,6525,375,18.47,1,1
Philip Rivers,QB,6,LAC,DEN,18,29,62,0.62,178,1.78,6,1,0,91,0.91,0,0,0,0,1,11.12,5,8,5900,15.2,6525,-625,18.47,0,0
Philip Rivers,QB,7,LAC,ATL,27,44,61,0.61,371,3.71,8,1,1,86,0.86,1,-2,-2,0,1,19.64,28,31,6500,19.1,6525,-25,18.47,1,0
Philip Rivers,QB,8,LAC,DEN,20,47,43,0.43,267,2.67,6,2,3,49,0.49,0,0,0,0,2,15.68,3,3,6100,15.7,6525,-425,18.47,0,0
Philip Rivers,QB,9,LAC,TEN,24,33,73,0.73,275,2.75,8,2,0,118,1.18,3,-3,-1,0,2,18.7,13,18,6500,19.7,6525,-25,18.47,0,0
Philip Rivers,QB,10,LAC,MIA,23,44,52,0.52,326,3.26,7,3,4,61,0.61,0,0,0,0,3,24.04,18,20,6700,17.5,6525,175,18.47,1,1
Philip Rivers,QB,12,LAC,HOU,22,30,73,0.73,242,2.42,8,3,1,116,1.16,0,0,0,0,3,20.68,8,5,6300,15.7,6525,-225,18.47,1,0
Philip Rivers,QB,13,LAC,TB,15,26,58,0.58,225,2.25,9,2,2,80,0.8,3,18,6,0,2,16.8,23,19,6500,18.4,6525,-25,18.47,0,0
Philip Rivers,QB,14,LAC,CAR,21,39,54,0.54,236,2.36,6,2,3,57,0.57,0,0,0,0,2,12.44,28,26,6600,18.3,6525,75,18.47,0,0
Philip Rivers,QB,15,LAC,OAK,17,30,57,0.57,206,2.06,7,2,1,86,0.86,0,0,0,0,2,15.24,25,22,6200,16.7,6525,-325,18.47,0,0
Philip Rivers,QB,16,LAC,CLE,23,46,50,0.5,322,3.22,7,2,1,78,0.78,1,0,0,0,2,22.88,31,31,6900,17.7,6525,375,18.47,1,1
Philip Rivers,QB,17,LAC,KC,22,38,58,0.58,269,2.69,7,2,2,75,0.75,1,1,1,0,2,16.86,12,8,6300,16.1,6525,-225,18.47,1,0
Robert Griffin III,QB,1,CLE,PHI,12,26,46,0.46,190,1.9,7,0,1,55,0.55,5,37,7,0,0,10.3,30,31,5600,15.7,5140,460,14.39,0,0
Robert Griffin III,QB,14,CLE,CIN,12,28,43,0.43,104,1.04,4,0,1,38,0.38,7,31,4,1,1,12.26,19,19,5000,14.8,5140,-140,14.39,0,0
Robert Griffin III,QB,15,CLE,BUF,17,28,61,0.61,196,1.96,7,0,0,82,0.82,8,48,6,1,1,18.64,19,9,5000,12.5,5140,-140,14.39,1,1
Robert Griffin III,QB,16,CLE,LAC,17,25,68,0.68,164,1.64,7,0,0,86,0.86,6,42,7,0,0,10.76,22,14,5100,13.9,5140,-40,14.39,0,0
Robert Griffin III,QB,17,CLE,PIT,29,40,73,0.73,232,2.32,6,2,1,93,0.93,5,32,6,0,2,18.48,8,4,5000,14.2,5140,-140,14.39,1,0
Russell Wilson,QB,1,SEA,MIA,27,43,63,0.63,258,2.58,6,1,1,77,0.77,4,16,4,0,1,13.92,26,18,7900,21.8,6719,1181,21.03,0,0
Russell Wilson,QB,2,SEA,LAR,22,35,63,0.63,254,2.54,7,0,0,85,0.85,5,14,3,0,0,11.56,13,10,7400,18.9,6719,681,21.03,0,0
Russell Wilson,QB,3,SEA,SF,15,23,65,0.65,243,2.43,11,1,0,115,1.15,1,3,3,0,1,14.02,14,14,7100,19.9,6719,381,21.03,0,0
Russell Wilson,QB,4,SEA,NYJ,23,32,72,0.72,309,3.09,10,3,0,133,1.33,5,-5,-1,0,3,26.86,15,24,6600,18,6719,-119,21.03,1,1
Russell Wilson,QB,6,SEA,ATL,25,37,68,0.68,270,2.7,7,0,0,89,0.89,6,7,1,0,0,11.5,30,32,6900,21.3,6719,181,21.03,0,0
Russell Wilson,QB,7,SEA,ARI,24,37,65,0.65,225,2.25,6,0,0,81,0.81,1,-2,-2,0,0,9.7,2,5,6700,16.4,6719,-19,21.03,0,0
Russell Wilson,QB,8,SEA,NO,22,34,65,0.65,253,2.53,7,0,1,75,0.75,3,11,4,0,0,10.22,30,28,7200,19.6,6719,481,21.03,0,0
Russell Wilson,QB,9,SEA,BUF,20,26,77,0.77,282,2.82,11,2,0,137,1.37,3,10,3,1,3,26.28,15,8,6400,17.2,6719,-319,21.03,1,1
Russell Wilson,QB,10,SEA,NE,25,37,68,0.68,348,3.48,9,3,0,125,1.25,3,6,2,0,3,29.52,9,19,6200,17,6719,-519,21.03,1,1
Russell Wilson,QB,11,SEA,PHI,18,31,58,0.58,272,2.72,9,1,0,98,0.98,8,19,2,0,1,25.28,5,6,6100,18,6719,-619,21.03,1,1
Russell Wilson,QB,12,SEA,TB,17,33,52,0.52,151,1.51,5,0,2,39,0.39,8,80,10,0,0,12.04,27,27,6700,19,6719,-19,21.03,0,0
Russell Wilson,QB,13,SEA,CAR,26,36,72,0.72,277,2.77,8,1,1,92,0.92,3,29,10,0,1,16.98,25,26,6300,19,6719,-419,21.03,0,0
Russell Wilson,QB,14,SEA,GB,22,39,56,0.56,240,2.4,6,1,5,44,0.44,4,19,5,0,1,10.5,17,15,6600,19.8,6719,-119,21.03,0,0
Russell Wilson,QB,15,SEA,LAR,19,26,73,0.73,229,2.29,9,3,1,122,1.22,6,12,2,0,3,21.36,14,16,6300,17.8,6719,-419,21.03,1,0
Russell Wilson,QB,16,SEA,ARI,29,45,64,0.64,350,3.5,8,4,0,118,1.18,10,36,4,0,4,37.6,8,9,6300,18.4,6719,-419,21.03,1,1
Russell Wilson,QB,17,SEA,SF,19,32,59,0.59,258,2.58,8,1,0,96,0.96,2,4,2,0,1,14.72,32,22,6800,19.4,6719,81,21.03,0,0
Ryan Fitzpatrick,QB,1,NYJ,CIN,19,35,54,0.54,189,1.89,5,2,1,77,0.77,4,15,4,0,2,16.06,5,3,6500,16.7,5457,1043,17.72,0,0
Ryan Fitzpatrick,QB,2,NYJ,BUF,24,34,71,0.71,374,3.74,11,1,0,117,1.17,5,21,4,0,1,24.06,9,10,6100,17.1,5457,643,17.72,1,1
Ryan Fitzpatrick,QB,3,NYJ,KC,20,44,46,0.46,188,1.88,4,0,6,18,0.18,3,22,7,0,0,3.72,17,6,5900,15.3,5457,443,17.72,0,0
Ryan Fitzpatrick,QB,4,NYJ,SEA,23,41,56,0.56,261,2.61,6,1,3,53,0.53,2,5,3,0,1,11.94,2,3,5300,14,5457,-157,17.72,0,0
Ryan Fitzpatrick,QB,5,NYJ,PIT,25,38,66,0.66,255,2.55,7,1,0,94,0.94,1,9,9,0,1,15.1,17,18,5100,15.6,5457,-357,17.72,0,0
Ryan Fitzpatrick,QB,6,NYJ,ARI,16,31,52,0.52,174,1.74,6,0,1,55,0.55,1,2,2,0,0,6.16,5,10,5200,14.1,5457,-257,17.72,0,0
Ryan Fitzpatrick,QB,7,NYJ,BAL,9,14,64,0.64,120,1.2,9,1,0,115,1.15,1,-1,-1,0,1,8.7,7,13,5100,1,5457,-357,17.72,1,1
Ryan Fitzpatrick,QB,8,NYJ,CLE,16,34,47,0.47,228,2.28,7,1,0,79,0.79,4,13,3,0,1,14.42,32,31,6200,16.7,5457,743,17.72,0,0
Ryan Fitzpatrick,QB,9,NYJ,MIA,16,27,59,0.59,194,1.94,7,1,2,63,0.63,3,26,9,0,1,12.36,19,22,5700,14.9,5457,243,17.72,0,0
Ryan Fitzpatrick,QB,12,NYJ,NE,22,32,69,0.69,269,2.69,8,2,0,115,1.15,2,1,1,0,2,17.86,10,25,5100,13.8,5457,-357,17.72,1,0
Ryan Fitzpatrick,QB,13,NYJ,IND,5,12,42,0.42,81,0.81,7,0,1,30,0.3,2,3,2,0,0,2.54,29,32,5200,16.9,5457,-257,17.72,0,0
Ryan Fitzpatrick,QB,15,NYJ,MIA,5,10,50,0.5,31,0.31,3,0,1,17,0.17,2,11,6,0,0,1.34,23,27,5000,0.9,5457,-457,17.72,1,0
Ryan Fitzpatrick,QB,16,NYJ,NE,8,21,38,0.38,136,1.36,7,0,2,21,0.21,1,3,3,0,0,3.74,7,18,5000,0.8,5457,-457,17.72,1,0
Ryan Fitzpatrick,QB,17,NYJ,BUF,20,30,67,0.67,210,2.1,7,2,0,109,1.09,2,0,0,0,2,16.4,17,12,5000,13.4,5457,-457,17.72,1,0
Ryan Tannehill,QB,1,MIA,SEA,16,29,55,0.55,186,1.86,6,0,0,75,0.75,5,17,3,1,1,15.14,1,2,5900,14,5531,369,17.84,1,0
Ryan Tannehill,QB,2,MIA,NE,32,45,71,0.71,387,3.87,9,2,2,93,0.93,6,35,6,0,2,27.98,20,21,5600,16.1,5531,69,17.84,1,1
Ryan Tannehill,QB,3,MIA,CLE,25,39,64,0.64,319,3.19,8,3,2,94,0.94,1,2,2,0,3,24.96,23,21,6200,18.4,5531,669,17.84,1,1
Ryan Tannehill,QB,4,MIA,CIN,15,25,60,0.6,189,1.89,8,1,1,80,0.8,0,0,0,0,1,9.56,24,29,5800,15.4,5531,269,17.84,0,0
Ryan Tannehill,QB,5,MIA,TEN,12,18,67,0.67,191,1.91,11,0,2,62,0.62,0,0,0,0,0,5.64,9,6,5700,16.8,5531,169,17.84,0,0
Ryan Tannehill,QB,6,MIA,PIT,24,32,75,0.75,252,2.52,8,0,0,97,0.97,2,3,2,0,0,10.38,13,16,5400,14.6,5531,-131,17.84,0,0
Ryan Tannehill,QB,7,MIA,BUF,15,25,60,0.6,204,2.04,8,1,0,99,0.99,6,21,4,0,1,16.26,8,2,5100,13.8,5531,-431,17.84,1,0
Ryan Tannehill,QB,9,MIA,NYJ,17,28,61,0.61,149,1.49,5,1,0,87,0.87,2,-3,-2,0,1,9.66,23,24,5600,17.1,5531,69,17.84,0,0
Ryan Tannehill,QB,10,MIA,LAC,17,24,71,0.71,240,2.4,10,2,0,131,1.31,3,16,5,0,2,19.2,22,18,5300,14.4,5531,-231,17.84,1,0
Ryan Tannehill,QB,11,MIA,LAR,24,34,71,0.71,172,1.72,5,2,1,89,0.89,2,19,10,0,2,15.78,6,9,5100,14.6,5531,-431,17.84,1,0
Ryan Tannehill,QB,12,MIA,SF,20,30,67,0.67,285,2.85,10,3,0,131,1.31,6,34,6,0,3,26.8,32,28,5500,16,5531,-31,17.84,1,1
Ryan Tannehill,QB,13,MIA,BAL,29,40,73,0.73,226,2.26,6,1,3,63,0.63,1,0,0,0,1,10.04,4,8,5500,15,5531,-31,17.84,0,0
Ryan Tannehill,QB,14,MIA,ARI,15,20,75,0.75,195,1.95,10,3,1,124,1.24,5,20,4,0,3,19.8,3,4,5200,14.8,5531,-331,17.84,1,0
Sam Bradford,QB,2,MIN,GB,22,31,71,0.71,286,2.86,9,2,0,121,1.21,1,-3,-3,0,2,19.14,19,13,5600,12.8,5120,480,13.12,1,1
Sam Bradford,QB,3,MIN,CAR,18,28,64,0.64,171,1.71,6,1,0,93,0.93,2,-2,-1,0,1,10.64,11,12,5300,13.3,5120,180,13.12,0,0
Sam Bradford,QB,4,MIN,NYG,26,36,72,0.72,262,2.62,7,1,0,102,1.02,4,6,2,0,1,15.08,13,10,5100,15.4,5120,-20,13.12,0,0
Sam Bradford,QB,5,MIN,HOU,22,30,73,0.73,271,2.71,9,2,0,123,1.23,2,-2,-1,0,2,18.64,5,2,5100,13.9,5120,-20,13.12,1,0
Sam Bradford,QB,7,MIN,PHI,24,41,59,0.59,224,2.24,6,1,1,72,0.72,1,-1,-1,0,1,9.86,5,1,5100,14.5,5120,-20,13.12,0,0
Sam Bradford,QB,8,MIN,CHI,23,37,62,0.62,228,2.28,6,1,0,89,0.89,0,0,0,0,1,13.12,19,17,5000,15.5,5120,-120,13.12,0,0
Sam Bradford,QB,9,MIN,DET,31,40,78,0.78,273,2.73,7,1,0,103,1.03,0,0,0,0,1,16.42,24,31,5000,17,5120,-120,13.12,0,0
Sam Bradford,QB,10,MIN,WAS,31,40,78,0.78,307,3.07,8,2,1,105,1.05,0,0,0,0,2,22.28,16,9,5000,15.1,5120,-120,13.12,1,1
Sam Bradford,QB,11,MIN,ARI,20,28,71,0.71,169,1.69,6,1,0,99,0.99,1,-1,-1,0,1,9.66,1,5,5100,12,5120,-20,13.12,0,0
Sam Bradford,QB,12,MIN,DET,31,37,84,0.84,224,2.24,6,0,1,81,0.81,0,0,0,0,0,7.96,23,30,5100,15.7,5120,-20,13.12,0,0
Sam Bradford,QB,13,MIN,DAL,32,45,71,0.71,247,2.47,6,1,0,92,0.92,2,10,5,0,1,14.88,15,25,5100,14.4,5120,-20,13.12,1,0
Sam Bradford,QB,14,MIN,JAX,24,34,71,0.71,292,2.92,9,1,0,107,1.07,4,17,4,0,1,17.38,10,9,5100,13.7,5120,-20,13.12,1,0
Sam Bradford,QB,15,MIN,IND,32,42,76,0.76,291,2.91,7,0,1,85,0.85,0,0,0,0,0,9.64,29,29,5000,15.3,5120,-120,13.12,0,0
Sam Bradford,QB,16,MIN,GB,34,50,68,0.68,382,3.82,8,3,0,111,1.11,2,5,3,0,3,29.78,19,12,5000,15.1,5120,-120,13.12,1,1
Sam Bradford,QB,17,MIN,CHI,25,33,76,0.76,250,2.5,8,3,1,114,1.14,1,24,24,0,3,23.4,18,18,5200,15.1,5120,80,13.12,1,1
Tom Brady,QB,5,NE,CLE,28,40,70,0.7,406,4.06,10,3,0,128,1.28,2,14,7,0,3,32.64,27,21,7500,21.6,7492,8,15.73,1,1
Tom Brady,QB,6,NE,CIN,29,35,83,0.83,376,3.76,11,3,0,140,1.4,2,2,1,0,3,30.24,14,20,7700,21.6,7492,208,15.73,1,1
Tom Brady,QB,7,NE,PIT,19,26,73,0.73,222,2.22,9,2,0,124,1.24,5,13,3,0,2,18.18,18,14,7900,20.9,7492,408,15.73,0,0
Tom Brady,QB,8,NE,BUF,22,33,67,0.67,315,3.15,10,4,0,137,1.37,1,15,15,0,4,33.1,9,5,7600,20.8,7492,108,15.73,1,1
Tom Brady,QB,10,NE,SEA,23,32,72,0.72,316,3.16,10,0,1,90,0.9,5,7,1,0,0,15.34,6,9,7400,19.9,7492,-92,15.73,0,0
Tom Brady,QB,11,NE,SF,24,40,60,0.6,280,2.8,7,4,0,115,1.15,4,12,3,0,4,28.4,31,22,7800,25.8,7492,308,15.73,1,0
Tom Brady,QB,12,NE,NYJ,30,50,60,0.6,286,2.86,6,2,0,89,0.89,3,-4,-1,0,2,19.04,18,14,7800,20,7492,308,15.73,0,0
Tom Brady,QB,13,NE,LAR,33,46,72,0.72,269,2.69,6,1,0,93,0.93,3,1,0,0,1,14.86,10,12,7500,19.8,7492,8,15.73,0,0
Tom Brady,QB,14,NE,BAL,25,38,66,0.66,406,4.06,11,3,1,117,1.17,1,-1,-1,0,3,30.14,3,5,7100,18.8,7492,-392,15.73,1,1
Tom Brady,QB,15,NE,DEN,16,32,50,0.5,188,1.88,6,0,0,68,0.68,1,-1,-1,0,0,7.42,1,1,6700,15.9,7492,-792,15.73,0,0
Tom Brady,QB,16,NE,NYJ,17,27,63,0.63,214,2.14,8,3,0,125,1.25,0,0,0,0,3,20.56,26,28,7700,20.1,7492,208,15.73,1,0
Tom Brady,QB,17,NE,MIA,25,33,76,0.76,276,2.76,8,3,0,130,1.3,1,6,6,0,3,25.64,24,29,7200,19,7492,-292,15.73,1,1
Trevor Siemian,QB,1,DEN,CAR,18,26,69,0.69,178,1.78,7,1,2,69,0.69,5,20,4,0,1,11.12,3,4,5200,11.4,5221,-21,6.38,0,0
Trevor Siemian,QB,2,DEN,IND,22,33,67,0.67,266,2.66,8,0,1,79,0.79,1,7,7,0,0,12.34,31,29,5200,12.9,5221,-21,6.38,0,0
Trevor Siemian,QB,3,DEN,CIN,23,35,66,0.66,312,3.12,9,4,0,132,1.32,3,5,2,0,4,31.98,18,20,5100,13.5,5221,-121,6.38,1,1
Trevor Siemian,QB,4,DEN,TB,5,7,71,0.71,68,0.68,10,1,0,142,1.42,0,0,0,0,1,6.72,27,29,5400,16.4,5221,179,6.38,0,0
Trevor Siemian,QB,6,DEN,LAC,30,50,60,0.6,230,2.3,5,1,0,78,0.78,1,1,1,0,1,13.3,27,25,5200,17,5221,-21,6.38,0,0
Trevor Siemian,QB,7,DEN,HOU,14,25,56,0.56,157,1.57,6,1,0,88,0.88,1,-1,-1,0,1,10.18,6,7,5200,15.1,5221,-21,6.38,0,0
Trevor Siemian,QB,8,DEN,LAC,20,38,53,0.53,276,2.76,7,0,1,65,0.65,3,-2,-1,0,0,8.84,24,20,5100,14.2,5221,-121,6.38,0,0
Trevor Siemian,QB,9,DEN,OAK,18,37,49,0.49,283,2.83,8,2,1,81,0.81,0,0,0,0,2,17.32,26,25,5100,15.9,5221,-121,6.38,1,0
Trevor Siemian,QB,10,DEN,NO,25,40,63,0.63,258,2.58,6,2,2,77,0.77,6,5,1,0,2,16.82,27,24,5600,16.8,5221,379,6.38,1,0
Trevor Siemian,QB,12,DEN,KC,20,34,59,0.59,368,3.68,11,3,0,126,1.26,5,23,5,0,3,32.02,12,16,5100,13.9,5221,-121,6.38,1,1
Trevor Siemian,QB,14,DEN,TEN,35,51,69,0.69,334,3.34,7,1,0,93,0.93,0,0,0,0,1,20.36,22,27,5100,15.4,5221,-121,6.38,1,0
Trevor Siemian,QB,15,DEN,NE,25,40,63,0.63,282,2.82,7,0,1,73,0.73,1,4,4,0,0,10.68,8,24,5200,15.2,5221,-21,6.38,0,0
Trevor Siemian,QB,16,DEN,KC,17,43,40,0.4,183,1.83,4,0,1,43,0.43,0,0,0,0,0,6.32,14,13,5300,14,5221,79,6.38,0,0
Trevor Siemian,QB,17,DEN,OAK,17,27,63,0.63,206,2.06,8,2,1,96,0.96,2,-5,-3,0,2,14.74,23,25,5300,8.1,5221,79,6.38,1,1
Tyrod Taylor,QB,1,BUF,BAL,15,22,68,0.68,111,1.11,5,0,0,80,0.8,5,11,2,0,0,5.54,19,25,6900,17.8,5620,1280,17.54,0,0
Tyrod Taylor,QB,2,BUF,NYJ,18,30,60,0.6,297,2.97,10,3,1,113,1.13,2,25,13,0,3,25.38,23,19,6300,15.9,5620,680,17.54,1,1
Tyrod Taylor,QB,3,BUF,ARI,14,25,56,0.56,119,1.19,5,0,1,52,0.52,9,76,8,1,1,17.36,7,2,5800,15.3,5620,180,17.54,1,0
Tyrod Taylor,QB,4,BUF,NE,27,39,69,0.69,246,2.46,6,1,0,95,0.95,5,28,6,0,1,16.64,11,15,5400,15.7,5620,-220,17.54,1,0
Tyrod Taylor,QB,5,BUF,LAR,12,23,52,0.52,124,1.24,5,2,0,97,0.97,5,28,6,0,2,15.76,11,12,5200,16.6,5620,-420,17.54,0,0
Tyrod Taylor,QB,6,BUF,SF,17,26,65,0.65,179,1.79,7,2,0,111,1.11,8,68,9,0,2,20.96,22,14,5300,17.3,5620,-320,17.54,1,0
Tyrod Taylor,QB,7,BUF,MIA,14,28,50,0.5,221,2.21,8,1,0,89,0.89,7,35,5,1,2,24.34,20,17,5500,18.3,5620,-120,17.54,1,1
Tyrod Taylor,QB,8,BUF,NE,19,38,50,0.5,183,1.83,5,0,0,64,0.64,5,48,10,1,1,18.12,8,16,5200,17.7,5620,-420,17.54,1,0
Tyrod Taylor,QB,9,BUF,SEA,27,38,71,0.71,289,2.89,8,1,1,91,0.91,8,43,5,1,2,26.86,4,6,5000,15.9,5620,-620,17.54,1,1
Tyrod Taylor,QB,11,BUF,CIN,19,27,70,0.7,166,1.66,6,0,1,71,0.71,9,39,4,0,0,9.54,24,28,5600,17.3,5620,-20,17.54,0,0
Tyrod Taylor,QB,12,BUF,JAX,12,18,67,0.67,166,1.66,9,1,0,115,1.15,7,38,5,1,2,20.44,15,12,5900,16.3,5620,280,17.54,1,0
Tyrod Taylor,QB,13,BUF,OAK,18,35,51,0.51,191,1.91,6,0,1,56,0.56,3,30,10,1,1,14.64,27,26,5700,18.1,5620,80,17.54,0,0
Tyrod Taylor,QB,14,BUF,PIT,15,25,60,0.6,228,2.28,9,2,1,100,1,3,2,1,0,2,16.32,9,6,5400,17,5620,-220,17.54,0,0
Tyrod Taylor,QB,15,BUF,CLE,17,24,71,0.71,174,1.74,7,1,0,105,1.05,7,49,7,0,1,15.86,31,31,5700,17.2,5620,80,17.54,0,0
Tyrod Taylor,QB,16,BUF,MIA,26,39,67,0.67,329,3.29,8,3,0,118,1.18,12,60,5,0,3,34.16,23,23,5400,16.9,5620,-220,17.54,1,1
Aaron Rodgers,QB,1,GB,SEA,28,42,67,0.67,311,3.11,7,1,1,87,0.87,7,21,3,0,1,20.54,4,4,7000,20.5,7450,-450,21.60,1,0
Aaron Rodgers,QB,2,GB,ATL,33,50,66,0.66,343,3.43,7,2,1,91,0.91,2,8,4,0,2,23.52,29,31,7400,21.8,7450,-50,21.60,1,0
Aaron Rodgers,QB,3,GB,CIN,28,42,67,0.67,313,3.13,8,3,1,103,1.03,4,23,6,0,3,28.82,6,10,7300,21,7450,-150,21.60,1,1
Aaron Rodgers,QB,4,GB,CHI,18,26,69,0.69,179,1.79,7,4,0,128,1.28,1,-1,-1,0,4,23.06,12,12,7600,20.5,7450,150,21.60,1,0
Aaron Rodgers,QB,5,GB,DAL,19,29,66,0.66,221,2.21,8,3,0,123,1.23,4,32,8,0,3,24.04,26,23,8100,21.1,7450,650,21.60,1,0
Aaron Rodgers,QB,6,GB,MIN,2,4,50,0.5,18,0.18,5,0,0,63,0.63,0,0,0,0,0,0.72,9,7,7300,19.8,7450,-150,21.60,0,0
Alex Smith,QB,1,KC,NE,28,35,80,0.8,368,3.68,11,4,0,149,1.49,5,3,1,0,4,34.02,2,11,5400,14.9,6191,-791,14.94,1,1
Alex Smith,QB,2,KC,PHI,21,28,75,0.75,251,2.51,9,1,0,114,1.14,4,21,5,0,1,16.14,10,7,5700,15.4,6191,-491,14.94,1,0
Alex Smith,QB,3,KC,LAC,16,21,76,0.76,155,1.55,7,2,0,128,1.28,2,9,5,0,2,15.1,19,28,5900,15,6191,-291,14.94,1,0
Alex Smith,QB,4,KC,WAS,27,37,73,0.73,293,2.93,8,1,0,105,1.05,7,56,8,1,2,27.32,5,7,6300,15.9,6191,109,14.94,1,1
Alex Smith,QB,5,KC,HOU,29,37,78,0.78,324,3.24,9,3,0,130,1.3,5,19,4,0,3,29.86,9,21,5900,16.5,6191,-291,14.94,1,1
Alex Smith,QB,6,KC,PIT,19,34,56,0.56,246,2.46,7,1,0,89,0.89,4,13,3,0,1,15.14,1,2,6400,17.4,6191,209,14.94,0,0
Alex Smith,QB,7,KC,OAK,25,36,69,0.69,342,3.42,10,3,0,127,1.27,1,0,0,0,3,28.68,18,18,6400,17.9,6191,209,14.94,1,1
Alex Smith,QB,8,KC,DEN,14,31,45,0.45,202,2.02,7,1,0,78,0.78,4,33,8,0,1,14.38,6,13,6400,15.7,6191,209,14.94,0,0
Alex Smith,QB,9,KC,DAL,25,34,74,0.74,263,2.63,8,2,1,103,1.03,5,19,4,0,2,19.42,20,19,6500,19.3,6191,309,14.94,1,0
Alex Smith,QB,11,KC,NYG,27,40,68,0.68,230,2.3,6,0,2,61,0.61,5,27,5,0,0,9.9,32,32,6700,19.1,6191,509,14.94,0,0
Alex Smith,QB,12,KC,BUF,23,36,64,0.64,199,1.99,6,1,1,76,0.76,5,35,7,0,1,14.46,19,9,6500,17.5,6191,309,14.94,0,0
Andy Dalton,QB,1,CIN,BAL,16,31,52,0.52,170,1.7,6,0,4,28,0.28,1,2,2,0,0,2,8,9,5700,17.2,5536,164,17.94,0,0
Andy Dalton,QB,2,CIN,HOU,20,35,57,0.57,224,2.24,6,0,0,76,0.76,2,5,3,0,0,9.46,3,3,5500,14.6,5536,-36,17.94,0,0
Andy Dalton,QB,3,CIN,GB,21,27,78,0.78,212,2.12,8,2,0,124,1.24,2,-2,-1,0,2,16.28,12,9,5100,15.4,5536,-436,17.94,1,0
Andy Dalton,QB,4,CIN,CLE,25,30,83,0.83,286,2.86,10,4,0,146,1.46,4,29,7,0,4,29.34,16,27,5800,16.1,5536,264,17.94,1,1
Andy Dalton,QB,5,CIN,BUF,22,36,61,0.61,328,3.28,9,1,2,77,0.77,5,2,0,0,1,18.32,2,2,6000,15.8,5536,464,17.94,1,0
Andy Dalton,QB,7,CIN,PIT,17,30,57,0.57,140,1.4,5,2,2,63,0.63,3,8,3,0,2,12.4,1,2,5700,14,5536,164,17.94,0,0
Andy Dalton,QB,8,CIN,IND,17,29,59,0.59,243,2.43,8,2,0,109,1.09,3,10,3,0,2,18.72,32,27,5700,18.5,5536,164,17.94,1,0
Andy Dalton,QB,9,CIN,JAX,10,18,56,0.56,136,1.36,8,0,0,80,0.8,3,-1,0,0,0,5.34,1,1,5000,12,5536,-536,17.94,0,0
Andy Dalton,QB,10,CIN,TEN,20,35,57,0.57,265,2.65,8,2,0,100,1,1,0,0,0,2,16.6,20,19,5300,15.2,5536,-236,17.94,1,0
Andy Dalton,QB,11,CIN,DEN,15,25,60,0.6,154,1.54,6,3,0,117,1.17,3,4,1,0,3,18.56,16,17,5100,14,5536,-436,17.94,1,0
Andy Dalton,QB,12,CIN,CLE,18,28,64,0.64,214,2.14,8,2,0,111,1.11,4,26,7,0,2,19.16,17,22,6000,16.2,5536,464,17.94,1,0
Ben Roethlisberger,QB,1,PIT,CLE,24,36,67,0.67,263,2.63,7,2,1,95,0.95,3,-8,-3,0,2,16.72,31,32,7300,16.9,6300,1000,17.36,0,0
Ben Roethlisberger,QB,2,PIT,MIN,23,35,66,0.66,243,2.43,7,2,0,105,1.05,2,-2,-1,0,2,17.52,5,6,6700,18.6,6300,400,17.36,0,0
Ben Roethlisberger,QB,3,PIT,CHI,22,39,56,0.56,235,2.35,6,1,0,83,0.83,1,6,6,0,1,13,24,17,6200,16.6,6300,-100,17.36,0,0
Ben Roethlisberger,QB,4,PIT,BAL,18,30,60,0.6,216,2.16,7,1,1,79,0.79,1,-1,-1,0,1,11.54,7,5,6000,14.9,6300,-300,17.36,0,0
Ben Roethlisberger,QB,5,PIT,JAX,33,55,60,0.6,312,3.12,6,0,5,38,0.38,1,1,1,0,0,10.58,4,1,6400,16.7,6300,100,17.36,0,0
Ben Roethlisberger,QB,6,PIT,KC,17,25,68,0.68,252,2.52,10,1,1,97,0.97,2,-2,-1,0,1,12.88,25,27,5700,14.4,6300,-600,17.36,0,0
Ben Roethlisberger,QB,7,PIT,CIN,14,24,58,0.58,224,2.24,9,2,0,117,1.17,3,-3,-1,0,2,16.66,3,7,6200,15.7,6300,-100,17.36,1,0
Ben Roethlisberger,QB,8,PIT,DET,17,31,55,0.55,317,3.17,10,1,1,88,0.88,3,-2,-1,0,1,18.48,16,9,6000,15.5,6300,-300,17.36,1,0
Ben Roethlisberger,QB,10,PIT,IND,19,31,61,0.61,236,2.36,8,2,1,93,0.93,2,5,3,0,2,18.94,29,23,6600,17.3,6300,300,17.36,1,0
Ben Roethlisberger,QB,11,PIT,TEN,30,45,67,0.67,299,2.99,7,4,0,115,1.15,1,10,10,0,4,28.96,16,17,6600,16.5,6300,300,17.36,1,1
Ben Roethlisberger,QB,12,PIT,GB,33,45,73,0.73,351,3.51,8,4,2,107,1.07,3,25,8,0,4,35.54,16,13,7000,17.9,6300,700,17.36,1,1
Blaine Gabbert,QB,11,ARI,HOU,22,34,65,0.65,257,2.57,8,3,2,92,0.92,3,13,4,0,3,21.58,27,30,4900,13.3,4750,150,0.00,1,1
Blaine Gabbert,QB,12,ARI,JAX,22,38,58,0.58,241,2.41,6,2,1,83,0.83,6,17,3,0,2,19.34,1,1,4600,11,4750,-150,0.00,1,1
Blake Bortles,QB,1,JAX,HOU,11,21,52,0.52,125,1.25,6,1,0,86,0.86,3,13,4,0,1,10.3,3,3,4800,12.7,4782,18,11.52,0,0
Blake Bortles,QB,2,JAX,TEN,20,34,59,0.59,223,2.23,7,1,2,64,0.64,4,29,7,0,1,12.82,19,28,4400,15.1,4782,-382,11.52,0,0
Blake Bortles,QB,3,JAX,BAL,20,31,65,0.65,244,2.44,8,4,0,128,1.28,3,18,6,0,4,27.56,2,1,4400,12.5,4782,-382,11.52,1,1
Blake Bortles,QB,4,JAX,NYJ,15,35,43,0.43,140,1.4,4,1,1,52,0.52,4,38,10,0,1,12.4,27,22,5300,15.4,4782,518,11.52,0,0
Blake Bortles,QB,5,JAX,PIT,8,14,57,0.57,95,0.95,7,0,1,48,0.48,1,9,9,0,0,3.7,1,3,4800,13.9,4782,18,11.52,0,0
Blake Bortles,QB,6,JAX,LAR,23,35,66,0.66,241,2.41,7,1,1,83,0.83,2,19,10,0,1,14.54,20,12,4600,13.2,4782,-182,11.52,1,0
Blake Bortles,QB,7,JAX,IND,18,26,69,0.69,330,3.3,13,1,0,125,1.25,4,11,3,0,1,20.3,31,29,4700,14.8,4782,-82,11.52,1,1
Blake Bortles,QB,9,JAX,CIN,24,38,63,0.63,259,2.59,7,1,0,92,0.92,5,20,4,0,1,16.36,7,12,4700,12.4,4782,-82,11.52,1,0
Blake Bortles,QB,10,JAX,LAC,28,51,55,0.55,273,2.73,5,1,2,60,0.6,5,34,7,0,1,18.32,13,10,4800,13.9,4782,18,11.52,1,0
Blake Bortles,QB,11,JAX,CLE,17,30,57,0.57,154,1.54,5,1,0,82,0.82,4,4,1,0,1,9.56,21,26,5200,14.8,4782,418,11.52,0,0
Blake Bortles,QB,12,JAX,ARI,19,33,58,0.58,160,1.6,5,0,1,58,0.58,6,62,10,2,2,23.6,24,27,4900,13.7,4782,118,11.52,1,1
Brett Hundley,QB,6,GB,MIN,18,33,55,0.55,157,1.57,5,1,3,40,0.4,1,3,3,0,1,7.58,9,7,4200,0.1,4833,-633,0.00,1,1
Brett Hundley,QB,7,GB,NO,12,25,48,0.48,87,0.87,4,0,1,40,0.4,3,44,15,1,1,12.88,23,20,5100,14.3,4833,267,0.00,0,0
Brett Hundley,QB,9,GB,DET,26,38,68,0.68,245,2.45,6,0,0,86,0.86,4,22,6,1,1,18,17,10,5400,13.7,4833,567,0.00,1,0
Brett Hundley,QB,10,GB,CHI,18,25,72,0.72,212,2.12,9,1,0,111,1.11,2,16,8,0,1,14.08,7,5,5000,12.4,4833,167,0.00,1,0
Brett Hundley,QB,11,GB,BAL,21,36,58,0.58,239,2.39,7,0,3,44,0.44,3,19,6,0,0,7.46,4,2,4700,13,4833,-133,0.00,0,0
Brett Hundley,QB,12,GB,PIT,17,26,65,0.65,245,2.45,9,3,0,134,1.34,1,6,6,0,3,22.4,2,3,4600,12.3,4833,-233,0.00,1,1
Brian Hoyer,QB,1,SF,CAR,24,35,69,0.69,193,1.93,6,0,1,70,0.7,1,-5,-5,0,0,5.22,25,19,5100,12.7,4843,257,10.73,0,0
Brian Hoyer,QB,2,SF,SEA,15,27,56,0.56,99,0.99,4,0,1,48,0.48,0,0,0,0,0,2.96,4,4,4500,10,4843,-343,10.73,0,0
Brian Hoyer,QB,3,SF,LAR,23,37,62,0.62,332,3.32,9,2,1,98,0.98,1,9,9,1,3,30.18,10,3,4800,11.1,4843,-43,10.73,1,1
Brian Hoyer,QB,4,SF,ARI,24,49,49,0.49,234,2.34,5,0,1,54,0.54,1,3,3,0,0,8.66,18,28,4800,11.5,4843,-43,10.73,0,0
Brian Hoyer,QB,5,SF,IND,29,46,63,0.63,353,3.53,8,2,0,101,1.01,2,0,0,0,2,25.12,30,29,4700,13.9,4843,-143,10.73,1,1
Brian Hoyer,QB,6,SF,WAS,4,11,36,0.36,34,0.34,3,0,0,45,0.45,0,0,0,0,0,1.36,10,14,5100,14.1,4843,257,10.73,0,0
Brian Hoyer,QB,10,NE,DEN,3,3,100,1,37,0.37,12,0,0,118,1.18,0,0,0,0,0,1.48,15,15,4900,0.2,4843,57,10.73,1,0
Brock Osweiler,QB,9,DEN,PHI,19,38,50,0.5,208,2.08,6,1,2,53,0.53,0,0,0,0,1,10.32,15,22,4500,11.4,4633,-133,0.00,0,0
Brock Osweiler,QB,10,DEN,NE,18,33,55,0.55,221,2.21,7,1,1,73,0.73,1,-1,-1,0,1,11.74,31,32,4600,12.4,4633,-33,0.00,0,0
Brock Osweiler,QB,11,DEN,CIN,23,42,55,0.55,254,2.54,6,1,1,71,0.71,4,24,6,0,1,15.56,10,12,4800,11.5,4633,167,0.00,1,0
Cam Newton,QB,1,CAR,SF,14,25,56,0.56,171,1.71,7,2,1,87,0.87,6,3,1,0,2,14.14,32,23,7100,18.8,6564,536,18.86,0,0
Cam Newton,QB,2,CAR,BUF,20,32,63,0.63,228,2.28,7,0,0,84,0.84,5,27,5,0,0,11.82,17,13,6500,17.5,6564,-64,18.86,0,0
Cam Newton,QB,3,CAR,NO,17,26,65,0.65,167,1.67,6,0,3,44,0.44,3,16,5,1,1,11.28,32,32,6600,17.6,6564,36,18.86,0,0
Cam Newton,QB,4,CAR,NE,22,29,76,0.76,316,3.16,11,3,1,131,1.31,8,44,6,1,4,37.04,32,32,5900,15.3,6564,-664,18.86,1,1
Cam Newton,QB,5,CAR,DET,26,33,79,0.79,355,3.55,11,3,0,142,1.42,7,0,0,0,3,29.2,5,4,6500,16.4,6564,-64,18.86,1,1
Cam Newton,QB,6,CAR,PHI,28,52,54,0.54,239,2.39,5,1,3,48,0.48,11,71,7,1,2,23.66,16,20,6700,18.6,6564,136,18.86,1,1
Cam Newton,QB,7,CAR,CHI,21,34,62,0.62,211,2.11,6,0,2,55,0.55,9,50,6,0,0,10.44,13,9,7000,18.1,6564,436,18.86,0,0
Cam Newton,QB,8,CAR,TB,18,32,56,0.56,154,1.54,5,1,1,66,0.66,11,44,4,0,1,13.56,30,30,6600,19.4,6564,36,18.86,0,0
Cam Newton,QB,9,CAR,ATL,13,24,54,0.54,137,1.37,6,0,0,71,0.71,9,86,10,1,1,20.08,18,17,6300,17.2,6564,-264,18.86,1,0
Cam Newton,QB,10,CAR,MIA,21,35,60,0.6,254,2.54,7,4,0,120,1.2,5,95,19,0,4,35.66,13,14,6400,17.9,6564,-164,18.86,1,1
Cam Newton,QB,12,CAR,NYJ,11,28,39,0.39,168,1.68,6,0,0,60,0.6,9,28,3,1,1,17.52,18,19,6600,18.7,6564,36,18.86,0,0
Carson Palmer,QB,1,ARI,DET,27,48,56,0.56,268,2.68,6,1,3,53,0.53,1,2,2,0,1,11.92,24,30,6000,16.8,6114,-114,16.57,0,0
Carson Palmer,QB,2,ARI,IND,19,36,53,0.53,332,3.32,9,1,1,82,0.82,3,6,2,0,1,19.88,26,24,6000,16.2,6114,-114,16.57,1,0
Carson Palmer,QB,3,ARI,DAL,29,48,60,0.6,325,3.25,7,2,0,95,0.95,3,7,2,0,2,24.7,12,14,6100,15.1,6114,-14,16.57,1,1
Carson Palmer,QB,4,ARI,SF,33,51,65,0.65,357,3.57,7,1,1,84,0.84,2,1,1,0,1,20.38,26,23,6100,16.7,6114,-14,16.57,1,0
Carson Palmer,QB,5,ARI,PHI,28,44,64,0.64,291,2.91,7,1,0,90,0.9,0,0,0,0,1,15.64,21,24,5900,19.4,6114,-214,16.57,0,0
Carson Palmer,QB,6,ARI,TB,18,22,82,0.82,283,2.83,13,3,1,139,1.39,5,-4,-1,0,3,21.92,28,28,6100,17.2,6114,-14,16.57,1,0
Carson Palmer,QB,7,ARI,LAR,10,18,56,0.56,122,1.22,7,0,1,53,0.53,0,0,0,0,0,3.88,20,15,6600,16.4,6114,486,16.57,0,0
Carson Wentz,QB,1,PHI,WAS,26,39,67,0.67,307,3.07,8,2,1,97,0.97,4,6,2,0,2,23.88,23,18,5300,16.1,6482,-1182,277.86,1,1
Carson Wentz,QB,2,PHI,KC,25,46,54,0.54,333,3.33,7,2,1,83,0.83,4,55,14,0,2,28.82,11,10,5900,15.3,6482,-582,277.86,1,1
Carson Wentz,QB,3,PHI,NYG,21,31,68,0.68,176,1.76,6,1,0,93,0.93,6,22,4,0,1,13.24,15,18,5900,16.3,6482,-582,277.86,0,0
Carson Wentz,QB,4,PHI,LAC,17,31,55,0.55,242,2.42,8,1,0,91,0.91,6,14,2,0,1,15.08,19,19,6600,17.3,6482,118,277.86,0,0
Carson Wentz,QB,5,PHI,ARI,21,30,70,0.7,304,3.04,10,4,1,128,1.28,6,11,2,0,4,31.26,13,20,6600,16.8,6482,118,277.86,1,1
Carson Wentz,QB,6,PHI,CAR,16,30,53,0.53,222,2.22,7,3,0,111,1.11,6,25,4,0,3,22.38,7,9,6600,16.5,6482,118,277.86,1,1
Carson Wentz,QB,7,PHI,WAS,17,25,68,0.68,268,2.68,11,4,1,126,1.26,8,63,8,0,4,32.02,15,16,6700,18.1,6482,218,277.86,1,1
Carson Wentz,QB,8,PHI,SF,18,32,56,0.56,211,2.11,7,2,1,84,0.84,2,7,4,0,2,18.14,29,31,7200,19.8,6482,718,277.86,0,0
Carson Wentz,QB,9,PHI,DEN,15,27,56,0.56,199,1.99,7,4,0,119,1.19,2,8,4,0,4,24.76,6,13,6100,15.9,6482,-382,277.86,1,1
Carson Wentz,QB,11,PHI,DAL,14,27,52,0.52,168,1.68,6,2,0,96,0.96,6,13,2,0,2,20.02,17,17,7200,19.5,6482,718,277.86,1,0
Carson Wentz,QB,12,PHI,CHI,23,36,64,0.64,227,2.27,6,3,0,109,1.09,5,29,6,0,3,23.98,12,7,7200,18.3,6482,718,277.86,1,1
Case Keenum,QB,2,MIN,PIT,20,37,54,0.54,167,1.67,5,0,0,66,0.66,0,0,0,0,0,6.68,9,5,4500,6.9,5030,-530,0.00,0,0
Case Keenum,QB,3,MIN,TB,25,33,76,0.76,369,3.69,11,3,0,142,1.42,6,18,3,0,3,31.56,4,6,4500,11.7,5030,-530,0.00,1,1
Case Keenum,QB,4,MIN,DET,16,30,53,0.53,219,2.19,7,0,0,77,0.77,0,0,0,0,0,8.76,9,6,5000,13.6,5030,-30,0.00,0,0
Case Keenum,QB,5,MIN,CHI,17,21,81,0.81,140,1.4,7,1,0,110,1.1,1,22,22,0,1,11.8,20,18,5300,6.6,5030,270,0.00,1,1
Case Keenum,QB,6,MIN,GB,24,38,63,0.63,239,2.39,6,1,1,79,0.79,2,15,8,0,1,14.06,13,10,5000,15.2,5030,-30,0.00,0,0
Case Keenum,QB,7,MIN,BAL,20,31,65,0.65,188,1.88,6,0,1,68,0.68,1,9,9,0,0,7.42,9,4,5000,12.9,5030,-30,0.00,0,0
Case Keenum,QB,8,MIN,CLE,27,43,63,0.63,288,2.88,7,2,1,88,0.88,0,0,0,0,2,18.52,16,25,5800,14.5,5030,770,0.00,1,0
Case Keenum,QB,10,MIN,WAS,21,29,72,0.72,304,3.04,11,4,2,117,1.17,3,-1,0,0,4,29.06,19,21,4800,14.7,5030,-230,0.00,1,1
Case Keenum,QB,11,MIN,LAR,27,38,71,0.71,280,2.8,7,1,0,101,1.01,3,20,7,0,1,17.2,7,4,5100,14.7,5030,70,0.00,1,0
Case Keenum,QB,12,MIN,DET,21,30,70,0.7,282,2.82,9,2,0,122,1.22,7,20,3,1,3,27.28,14,13,5300,15.3,5030,270,0.00,1,1
CJ Beathard,QB,6,SF,WAS,19,36,53,0.53,245,2.45,7,1,1,72,0.72,1,14,14,0,1,14.2,10,14,4200,0,4750,-550,1.66,1,1
CJ Beathard,QB,7,SF,DAL,22,38,58,0.58,235,2.35,6,0,0,76,0.76,5,30,6,1,1,16.4,27,24,4900,13.5,4750,150,1.66,1,0
CJ Beathard,QB,8,SF,PHI,17,36,47,0.47,167,1.67,5,1,2,47,0.47,6,40,7,0,1,12.68,20,24,5100,13,4750,350,1.66,0,0
CJ Beathard,QB,9,SF,ARI,24,51,47,0.47,294,2.94,6,0,1,57,0.57,3,16,5,1,1,18.36,29,30,4900,12.9,4750,150,1.66,1,1
CJ Beathard,QB,10,SF,NYG,19,25,76,0.76,288,2.88,12,2,1,123,1.23,5,15,3,1,3,26.02,32,31,4800,13.2,4750,50,1.66,1,1
CJ Beathard,QB,12,SF,SEA,22,38,58,0.58,201,2.01,5,0,1,61,0.61,6,21,4,0,0,9.14,7,8,4600,11.9,4750,-150,1.66,0,0
Dak Prescott,QB,1,DAL,NYG,24,39,62,0.62,268,2.68,7,1,0,91,0.91,3,24,8,0,1,17.12,6,2,6300,16.7,6636,-336,18.42,1,0
Dak Prescott,QB,2,DAL,DEN,30,50,60,0.6,238,2.38,5,2,2,69,0.69,3,24,8,0,2,17.92,1,1,5600,15.2,6636,-1036,18.42,1,0
Dak Prescott,QB,3,DAL,ARI,13,18,72,0.72,183,1.83,10,2,0,142,1.42,3,16,5,1,3,22.92,19,24,5900,17,6636,-736,18.42,1,1
Dak Prescott,QB,4,DAL,LAR,20,36,56,0.56,252,2.52,7,3,1,94,0.94,3,25,8,0,3,23.58,20,11,6200,18.8,6636,-436,18.42,1,0
Dak Prescott,QB,5,DAL,GB,25,36,69,0.69,251,2.51,7,3,1,105,1.05,4,37,9,1,4,30.74,6,6,6800,18.8,6636,164,18.42,1,1
Dak Prescott,QB,7,DAL,SF,16,25,64,0.64,234,2.34,9,3,0,134,1.34,4,26,7,1,4,29.96,28,25,7300,19.5,6636,664,18.42,1,1
Dak Prescott,QB,8,DAL,WAS,14,22,64,0.64,143,1.43,7,0,0,82,0.82,3,16,5,0,0,7.32,22,23,7300,20.2,6636,664,18.42,0,0
Dak Prescott,QB,9,DAL,KC,21,33,64,0.64,249,2.49,8,2,0,107,1.07,3,27,9,1,3,26.66,26,23,6700,19.6,6636,64,18.42,1,1
Dak Prescott,QB,10,DAL,ATL,20,30,67,0.67,176,1.76,6,0,0,82,0.82,6,42,7,1,1,15.24,17,17,7300,18.8,6636,664,18.42,0,0
Dak Prescott,QB,11,DAL,PHI,18,31,58,0.58,145,1.45,5,0,3,30,0.3,2,10,5,0,0,2.8,12,16,6900,19.1,6636,264,18.42,0,0
Dak Prescott,QB,12,DAL,LAC,20,27,74,0.74,179,1.79,7,0,2,61,0.61,0,0,0,0,0,5.16,13,9,6700,17.3,6636,64,18.42,0,0
Derek Carr,QB,1,OAK,TEN,22,32,69,0.69,262,2.62,8,2,0,114,1.14,2,2,1,0,2,18.68,19,28,6700,18.6,6420,280,18.14,1,0
Derek Carr,QB,2,OAK,NYJ,23,28,82,0.82,230,2.3,8,3,0,137,1.37,0,0,0,0,3,21.2,21,21,7200,19.3,6420,780,18.14,1,0
Derek Carr,QB,3,OAK,WAS,19,31,61,0.61,118,1.18,4,1,2,53,0.53,2,5,3,0,1,7.22,23,14,6800,19,6420,380,18.14,0,0
Derek Carr,QB,4,OAK,DEN,10,18,56,0.56,143,1.43,8,1,0,100,1,0,0,0,0,1,9.72,11,21,5800,14.5,6420,-620,18.14,0,0
Derek Carr,QB,6,OAK,LAC,21,30,70,0.7,171,1.71,6,1,2,68,0.68,1,0,0,0,1,8.84,23,16,5900,16.5,6420,-520,18.14,0,0
Derek Carr,QB,7,OAK,KC,29,52,56,0.56,417,4.17,8,3,0,101,1.01,1,15,15,0,3,33.18,23,23,6000,15.7,6420,-420,18.14,1,1
Derek Carr,QB,8,OAK,BUF,31,49,63,0.63,313,3.13,6,1,2,71,0.71,0,0,0,0,1,17.52,10,6,6500,16.2,6420,80,18.14,1,0
Derek Carr,QB,9,OAK,MIA,21,30,70,0.7,300,3,10,1,1,99,0.99,4,-3,-1,0,1,17.7,12,15,6700,17.1,6420,280,18.14,1,0
Derek Carr,QB,11,OAK,NE,28,49,57,0.57,237,2.37,5,1,1,68,0.68,0,0,0,0,1,14.48,30,31,7000,17.7,6420,580,18.14,0,0
Derek Carr,QB,12,OAK,DEN,18,24,75,0.75,253,2.53,11,2,0,136,1.36,3,-3,-1,0,2,16.82,14,16,5600,15.5,6420,-820,18.14,1,0
Deshaun Watson,QB,1,HOU,JAX,12,23,52,0.52,102,1.02,4,1,1,60,0.6,2,16,8,0,1,7.68,13,8,4800,1.2,5471,-671,9.04,1,1
Deshaun Watson,QB,2,HOU,CIN,15,24,63,0.63,125,1.25,5,0,0,76,0.76,5,67,13,1,1,17.7,12,14,4400,12.5,5471,-1071,9.04,1,1
Deshaun Watson,QB,3,HOU,NE,22,33,67,0.67,301,3.01,9,2,2,91,0.91,8,41,5,0,2,25.14,31,31,4700,12.3,5471,-771,9.04,1,1
Deshaun Watson,QB,4,HOU,TEN,25,34,74,0.74,283,2.83,8,4,1,125,1.25,4,24,6,1,5,34.72,30,30,5100,15,5471,-371,9.04,1,1
Deshaun Watson,QB,5,HOU,KC,16,31,52,0.52,261,2.61,8,5,0,120,1.2,3,31,10,0,5,35.54,15,12,6200,16,5471,729,9.04,1,1
Deshaun Watson,QB,6,HOU,CLE,17,29,59,0.59,225,2.25,8,3,1,103,1.03,6,23,4,0,3,24.3,21,29,6700,19.4,5471,1229,9.04,1,0
Deshaun Watson,QB,8,HOU,SEA,19,30,63,0.63,402,4.02,13,4,3,107,1.07,8,67,8,0,4,38.78,3,4,6400,15.6,5471,929,9.04,1,1
Deshone Kizer,QB,1,CLE,PIT,20,30,67,0.67,222,2.22,7,1,1,86,0.86,5,17,3,1,2,19.58,9,5,4800,12.7,4860,-60,12.46,1,1
Deshone Kizer,QB,2,CLE,BAL,15,31,48,0.48,182,1.82,6,0,3,27,0.27,5,26,5,0,0,5.88,8,9,5100,12.6,4860,240,12.46,0,0
Deshone Kizer,QB,3,CLE,IND,22,47,47,0.47,242,2.42,5,2,3,50,0.5,7,44,6,1,3,25.08,29,21,5000,15.1,4860,140,12.46,1,1
Deshone Kizer,QB,4,CLE,CIN,16,34,47,0.47,118,1.18,4,0,1,44,0.44,5,10,2,0,0,4.72,8,17,5200,14.2,4860,340,12.46,0,0
Deshone Kizer,QB,5,CLE,NYJ,8,17,47,0.47,87,0.87,5,0,1,38,0.38,6,29,5,0,0,4.38,16,14,5500,15.3,4860,640,12.46,0,0
Deshone Kizer,QB,7,CLE,TEN,12,20,60,0.6,114,1.14,6,0,2,36,0.36,0,0,0,0,0,2.56,25,26,4900,13.8,4860,40,12.46,0,0
Deshone Kizer,QB,8,CLE,MIN,18,34,53,0.53,179,1.79,5,0,0,68,0.68,5,18,4,1,1,14.96,4,5,4600,11.1,4860,-260,12.46,1,0
Deshone Kizer,QB,10,CLE,DET,21,37,57,0.57,232,2.32,6,1,1,73,0.73,7,57,8,1,2,23.98,15,11,4600,12.3,4860,-260,12.46,1,1
Deshone Kizer,QB,11,CLE,JAX,16,32,50,0.5,179,1.79,6,1,2,51,0.51,5,22,4,0,1,9.36,1,1,4500,11.8,4860,-360,12.46,0,0
Deshone Kizer,QB,12,CLE,CIN,18,31,58,0.58,268,2.68,9,0,0,86,0.86,9,39,4,1,1,20.62,10,11,4400,12.3,4860,-460,12.46,1,1
Drew Brees,QB,1,NO,MIN,27,37,73,0.73,291,2.91,8,1,0,105,1.05,0,0,0,0,1,15.64,5,6,7200,18.4,7155,45,20.16,0,0
Drew Brees,QB,2,NO,NE,27,45,60,0.6,356,3.56,8,2,0,100,1,0,0,0,0,2,25.24,2,11,7700,20.4,7155,545,20.16,1,0
Drew Brees,QB,3,NO,CAR,22,29,76,0.76,220,2.2,8,3,0,131,1.31,0,0,0,0,3,20.8,1,2,7200,17.3,7155,45,20.16,1,0
Drew Brees,QB,4,NO,MIA,29,41,71,0.71,268,2.68,7,2,0,105,1.05,4,3,1,0,2,19.02,14,14,7200,20.1,7155,45,20.16,0,0
Drew Brees,QB,6,NO,DET,20,30,67,0.67,186,1.86,6,2,2,78,0.78,1,1,1,0,2,13.54,12,8,7200,23.8,7155,45,20.16,0,0
Drew Brees,QB,7,NO,GB,27,38,71,0.71,331,3.31,9,1,2,84,0.84,5,-1,0,1,2,24.14,14,13,7600,18.8,7155,445,20.16,1,1
Drew Brees,QB,8,NO,CHI,23,28,82,0.82,299,2.99,11,0,0,111,1.11,4,-2,-1,0,0,11.76,9,7,7000,19.4,7155,-155,20.16,0,0
Drew Brees,QB,9,NO,TB,22,27,82,0.82,263,2.63,10,2,0,132,1.32,4,2,1,0,2,18.72,28,26,7000,20,7155,-155,20.16,0,0
Drew Brees,QB,10,NO,BUF,18,25,72,0.72,184,1.84,7,0,0,93,0.93,2,6,3,1,1,13.96,10,6,6900,17.3,7155,-255,20.16,0,0
Drew Brees,QB,11,NO,WAS,29,41,71,0.71,385,3.85,9,2,1,106,1.06,1,2,2,0,2,25.6,23,23,6800,18.6,7155,-355,20.16,1,1
Drew Brees,QB,12,NO,LAR,22,32,69,0.69,246,2.46,8,1,0,102,1.02,1,5,5,0,1,14.34,8,5,6900,17.1,7155,-255,20.16,0,0
Drew Stanton,QB,7,ARI,LAR,5,14,36,0.36,66,0.66,5,0,1,22,0.22,1,4,4,0,0,2.04,20,15,4000,0.2,4500,-500,0.00,1,0
Drew Stanton,QB,9,ARI,SF,15,30,50,0.5,201,2.01,7,2,1,80,0.8,4,2,1,0,2,15.24,30,31,4700,12.2,4500,200,0.00,1,0
Drew Stanton,QB,10,ARI,SEA,24,47,51,0.51,273,2.73,6,1,0,76,0.76,1,1,1,0,1,15.02,6,7,4800,10.2,4500,300,0.00,1,0
Eli Manning,QB,1,NYG,DAL,29,38,76,0.76,220,2.2,6,0,1,79,0.79,1,-1,-1,0,0,7.7,14,17,5600,16,5336,264,17.03,0,0
Eli Manning,QB,2,NYG,DET,22,32,69,0.69,239,2.39,8,1,1,88,0.88,0,0,0,0,1,12.56,9,5,5300,15.8,5336,-36,17.03,0,0
Eli Manning,QB,3,NYG,PHI,35,47,75,0.75,366,3.66,8,3,2,100,1,0,0,0,0,3,27.64,13,12,5300,13.1,5336,-36,17.03,1,1
Eli Manning,QB,4,NYG,TB,30,49,61,0.61,288,2.88,6,2,0,91,0.91,3,22,7,1,3,27.72,29,26,5700,15.4,5336,364,17.03,1,1
Eli Manning,QB,5,NYG,LAC,21,36,58,0.58,225,2.25,6,2,1,84,0.84,0,0,0,0,2,15,25,18,6100,16.7,5336,764,17.03,0,0
Eli Manning,QB,6,NYG,DEN,11,19,58,0.58,128,1.28,7,1,0,96,0.96,1,0,0,0,1,9.12,7,17,5200,10.7,5336,-136,17.03,0,0
Eli Manning,QB,7,NYG,SEA,19,39,49,0.49,134,1.34,3,1,0,66,0.66,0,0,0,0,1,8.36,5,5,4800,13,5336,-536,17.03,0,0
Eli Manning,QB,9,NYG,LAR,20,36,56,0.56,220,2.2,6,2,1,81,0.81,0,0,0,0,2,14.8,11,8,4800,14.5,5336,-536,17.03,1,0
Eli Manning,QB,10,NYG,SF,28,37,76,0.76,273,2.73,7,2,0,114,1.14,0,0,0,0,2,17.92,30,30,5100,15.7,5336,-236,17.03,1,0
Eli Manning,QB,11,NYG,KC,19,35,54,0.54,205,2.05,6,0,0,72,0.72,2,5,3,0,0,8.7,28,27,5700,14.5,5336,364,17.03,0,0
Eli Manning,QB,12,NYG,WAS,13,27,48,0.48,113,1.13,4,0,1,44,0.44,1,-1,-1,0,0,3.42,29,26,5100,14.9,5336,-236,17.03,0,0
Jacoby Brissett,QB,2,IND,ARI,20,37,54,0.54,216,2.16,6,0,1,60,0.6,6,22,4,0,0,9.84,7,12,4500,11.4,5190,-690,0.00,0,0
Jacoby Brissett,QB,3,IND,CLE,17,24,71,0.71,259,2.59,11,1,0,120,1.2,5,14,3,2,3,27.76,16,18,4800,13.8,5190,-390,0.00,1,1
Jacoby Brissett,QB,4,IND,SEA,16,29,55,0.55,157,1.57,5,1,1,68,0.68,3,33,11,0,1,11.58,12,8,5500,10.8,5190,310,0.00,1,0
Jacoby Brissett,QB,5,IND,SF,22,34,65,0.65,314,3.14,9,0,1,82,0.82,8,14,2,1,1,21.96,23,22,5600,15.3,5190,410,0.00,1,1
Jacoby Brissett,QB,6,IND,TEN,21,37,57,0.57,212,2.12,6,1,0,82,0.82,4,15,4,0,1,13.98,29,29,5800,16.1,5190,610,0.00,0,0
Jacoby Brissett,QB,7,IND,JAX,22,37,60,0.6,200,2,5,0,0,74,0.74,5,31,6,0,0,11.1,2,1,5000,12.1,5190,-190,0.00,0,0
Jacoby Brissett,QB,8,IND,CIN,25,39,64,0.64,233,2.33,6,2,1,87,0.87,1,6,6,0,2,16.92,7,11,4900,13.8,5190,-290,0.00,1,0
Jacoby Brissett,QB,9,IND,HOU,20,30,67,0.67,308,3.08,10,2,0,123,1.23,2,12,6,0,2,23.52,24,29,5200,15.3,5190,10,0.00,1,1
Jacoby Brissett,QB,10,IND,PIT,14,24,58,0.58,222,2.22,9,2,1,100,1,4,7,2,0,2,16.58,2,3,5200,13.5,5190,10,0.00,1,0
Jacoby Brissett,QB,12,IND,TEN,17,29,59,0.59,196,1.96,7,0,0,79,0.79,3,16,5,0,0,8.44,22,21,5400,16.2,5190,210,0.00,0,0
Jameis Winston,QB,2,TB,CHI,18,30,60,0.6,204,2.04,7,1,0,92,0.92,1,3,3,0,1,12.46,20,20,6300,18.4,6038,263,19.04,0,0
Jameis Winston,QB,3,TB,MIN,28,40,70,0.7,328,3.28,8,2,3,80,0.8,1,4,4,0,2,21.52,27,22,6000,15.8,6038,-38,19.04,1,1
Jameis Winston,QB,4,TB,NYG,22,38,58,0.58,332,3.32,9,3,0,113,1.13,4,12,3,0,3,29.48,12,12,5900,16.6,6038,-138,19.04,1,1
Jameis Winston,QB,5,TB,NE,26,46,57,0.57,334,3.34,7,1,0,87,0.87,3,11,4,0,1,21.46,32,32,6000,20.4,6038,-38,19.04,1,0
Jameis Winston,QB,6,TB,ARI,5,10,50,0.5,61,0.61,6,0,0,69,0.69,0,0,0,0,0,2.44,22,26,6200,17.5,6038,162,19.04,0,0
Jameis Winston,QB,7,TB,BUF,32,44,73,0.73,384,3.84,9,3,1,112,1.12,1,0,0,0,3,28.36,4,3,6000,15.9,6038,-38,19.04,1,1
Jameis Winston,QB,8,TB,CAR,21,38,55,0.55,210,2.1,6,0,2,49,0.49,3,13,4,0,0,6.7,6,12,6100,18.1,6038,62,19.04,0,0
Jameis Winston,QB,9,TB,NO,7,13,54,0.54,67,0.67,5,0,0,68,0.68,2,8,4,0,0,3.48,14,15,5800,17.6,6038,-238,19.04,0,0
Jared Goff,QB,1,LAR,IND,21,29,72,0.72,306,3.06,11,1,0,118,1.18,1,2,2,0,1,19.44,26,24,4800,13.6,5655,-855,13.06,1,1
Jared Goff,QB,2,LAR,WAS,14,24,58,0.58,219,2.19,9,1,1,85,0.85,3,1,0,0,1,11.86,23,18,5100,13.2,5655,-555,13.06,0,0
Jared Goff,QB,3,LAR,SF,22,28,79,0.79,292,2.92,10,3,0,146,1.46,1,-1,-1,0,3,23.58,11,14,5200,13.3,5655,-455,13.06,1,1
Jared Goff,QB,4,LAR,DAL,21,36,58,0.58,255,2.55,7,2,0,99,0.99,1,-1,-1,0,2,18.1,15,20,5600,13.9,5655,-55,13.06,1,0
Jared Goff,QB,5,LAR,SEA,22,47,47,0.47,288,2.88,6,0,2,49,0.49,1,22,22,0,0,10.72,8,7,5300,14.4,5655,-355,13.06,0,0
Jared Goff,QB,6,LAR,JAX,11,21,52,0.52,124,1.24,6,1,0,86,0.86,4,9,2,0,1,9.86,3,1,5000,11.1,5655,-655,13.06,0,0
Jared Goff,QB,7,LAR,ARI,22,37,60,0.6,235,2.35,6,1,1,76,0.76,2,13,7,1,2,19.7,26,27,5800,15.6,5655,145,13.06,1,0
Jared Goff,QB,9,LAR,NYG,14,22,64,0.64,311,3.11,14,4,0,147,1.47,0,0,0,0,4,31.44,27,27,5500,15.3,5655,-155,13.06,1,1
Jared Goff,QB,10,LAR,HOU,25,37,68,0.68,355,3.55,10,3,0,125,1.25,4,3,1,0,3,29.5,24,29,6700,17.5,5655,1045,13.06,1,1
Jared Goff,QB,11,LAR,MIN,23,37,62,0.62,225,2.25,6,0,0,79,0.79,2,8,4,0,0,9.8,6,10,6500,15.8,5655,845,13.06,0,0
Jared Goff,QB,12,LAR,NO,28,43,65,0.65,354,3.54,8,2,1,96,0.96,3,-3,-1,0,2,23.86,11,14,6700,16.8,5655,1045,13.06,1,1
Jay Cutler,QB,2,MIA,LAC,24,33,73,0.73,230,2.3,7,1,0,102,1.02,2,-1,-1,0,1,13.1,16,15,5400,14.2,5300,100,14.57,0,0
Jay Cutler,QB,3,MIA,NYJ,26,44,59,0.59,220,2.2,5,1,1,70,0.7,1,9,9,0,1,12.7,30,30,6100,15.5,5300,800,14.57,0,0
Jay Cutler,QB,4,MIA,NO,20,28,71,0.71,164,1.64,6,0,1,71,0.71,1,5,5,0,0,6.06,31,31,5800,15.9,5300,500,14.57,0,0
Jay Cutler,QB,5,MIA,TEN,12,26,46,0.46,92,0.92,4,1,1,52,0.52,2,8,4,0,1,7.48,31,31,5200,15.3,5300,-100,14.57,0,0
Jay Cutler,QB,6,MIA,ATL,19,33,58,0.58,151,1.51,5,2,1,77,0.77,1,-1,-1,0,2,12.94,17,11,4900,13.5,5300,-400,14.57,0,0
Jay Cutler,QB,7,MIA,NYJ,12,16,75,0.75,138,1.38,9,2,1,114,1.14,0,0,0,0,2,12.52,19,18,4700,13.8,5300,-600,14.57,0,0
Jay Cutler,QB,9,MIA,OAK,34,42,81,0.81,311,3.11,7,3,0,121,1.21,1,0,0,0,3,27.44,23,21,5100,13.5,5300,-200,14.57,1,1
Jay Cutler,QB,10,MIA,CAR,22,37,60,0.6,213,2.13,6,2,1,82,0.82,1,-1,-1,0,2,15.42,3,7,5100,12.8,5300,-200,14.57,1,0
Jay Cutler,QB,11,MIA,TB,6,12,50,0.5,83,0.83,7,1,3,61,0.61,1,1,1,0,1,4.42,26,24,5400,14.5,5300,100,14.57,0,0
Joe Flacco,QB,1,BAL,CIN,9,17,53,0.53,121,1.21,7,1,1,71,0.71,0,0,0,0,1,7.84,12,14,5500,14.4,5036,464,15.81,0,0
Joe Flacco,QB,2,BAL,CLE,25,34,74,0.74,217,2.17,6,2,1,97,0.97,1,-1,-1,0,2,15.58,31,32,5200,15.7,5036,164,15.81,0,0
Joe Flacco,QB,3,BAL,JAX,8,18,44,0.44,28,0.28,2,0,2,12,0.12,0,0,0,0,0,-0.88,10,3,5300,13.2,5036,264,15.81,0,0
Joe Flacco,QB,4,BAL,PIT,31,49,63,0.63,235,2.35,5,1,2,65,0.65,0,0,0,0,1,11.4,4,3,4900,11.5,5036,-136,15.81,0,0
Joe Flacco,QB,5,BAL,OAK,19,26,73,0.73,222,2.22,9,0,0,99,0.99,3,-4,-1,0,0,8.48,17,27,4700,13.3,5036,-336,15.81,0,0
Joe Flacco,QB,6,BAL,CHI,24,41,59,0.59,180,1.8,4,0,2,49,0.49,1,2,2,0,0,7.4,18,15,5400,13.9,5036,364,15.81,0,0
Joe Flacco,QB,7,BAL,MIN,27,39,69,0.69,186,1.86,5,1,0,88,0.88,1,0,0,0,1,11.44,6,6,4700,11.1,5036,-336,15.81,1,0
Joe Flacco,QB,8,BAL,MIA,10,15,67,0.67,101,1.01,7,1,0,108,1.08,1,9,9,0,1,8.94,13,16,4800,11.7,5036,-236,15.81,0,0
Joe Flacco,QB,9,BAL,TEN,34,52,65,0.65,261,2.61,5,2,2,74,0.74,1,7,7,0,2,17.14,21,20,4600,12.9,5036,-436,15.81,1,0
Joe Flacco,QB,11,BAL,GB,22,28,79,0.79,183,1.83,7,1,1,91,0.91,2,-1,-1,0,1,10.22,19,15,4900,13.9,5036,-136,15.81,0,0
Joe Flacco,QB,12,BAL,HOU,20,32,63,0.63,141,1.41,4,0,0,73,0.73,6,42,7,0,0,9.84,28,32,5400,14.5,5036,364,15.81,0,0
Josh McCown,QB,1,NYJ,BUF,26,39,67,0.67,187,1.87,5,0,2,56,0.56,2,0,0,1,1,11.48,17,13,4600,11,5027,-427,9.21,1,0
Josh McCown,QB,2,NYJ,OAK,16,24,67,0.67,166,1.66,7,2,0,114,1.14,4,31,8,0,2,16.74,22,22,4500,11,5027,-527,9.21,1,1
Josh McCown,QB,3,NYJ,MIA,18,23,78,0.78,249,2.49,11,1,0,126,1.26,4,7,2,0,1,14.66,21,24,4500,12.3,5027,-527,9.21,1,0
Josh McCown,QB,4,NYJ,JAX,22,31,71,0.71,224,2.24,7,0,1,78,0.78,1,0,0,0,0,6.96,2,1,4500,11.2,5027,-527,9.21,0,0
Josh McCown,QB,5,NYJ,CLE,23,30,77,0.77,194,1.94,7,2,1,101,1.01,3,-3,-1,0,2,14.46,27,30,4500,13.9,5027,-527,9.21,1,0
Josh McCown,QB,6,NYJ,NE,31,47,66,0.66,354,3.54,8,2,2,85,0.85,3,21,7,0,2,25.26,32,32,5200,14.7,5027,173,9.21,1,1
Josh McCown,QB,7,NYJ,MIA,17,27,63,0.63,209,2.09,8,3,1,108,1.08,3,1,0,1,4,25.46,8,10,5200,14.4,5027,173,9.21,1,1
Josh McCown,QB,8,NYJ,ATL,26,33,79,0.79,257,2.57,8,2,0,119,1.19,1,0,0,0,2,18.28,19,14,5600,14.7,5027,573,9.21,1,0
Josh McCown,QB,9,NYJ,BUF,14,20,70,0.7,140,1.4,7,1,0,106,1.06,5,13,3,1,2,16.9,8,4,5500,14.7,5027,473,9.21,1,0
Josh McCown,QB,10,NYJ,TB,23,39,59,0.59,262,2.62,7,1,1,77,0.77,0,0,0,0,1,13.48,28,26,6100,16,5027,1073,9.21,0,0
Josh McCown,QB,12,NYJ,CAR,19,36,53,0.53,307,3.07,9,3,0,109,1.09,2,28,14,0,3,29.08,4,6,5100,14.1,5027,73,9.21,1,1
Kirk Cousins,QB,1,WAS,PHI,23,40,58,0.58,240,2.4,6,1,1,73,0.73,4,30,8,0,1,13.6,10,7,6400,17,6327,73,18.47,0,0
Kirk Cousins,QB,2,WAS,LAR,18,27,67,0.67,179,1.79,7,1,0,98,0.98,3,7,2,0,1,11.86,15,25,6100,16,6327,-227,18.47,0,0
Kirk Cousins,QB,3,WAS,OAK,25,30,83,0.83,365,3.65,12,3,0,151,1.51,1,2,2,0,3,29.8,5,23,6100,17.5,6327,-227,18.47,1,1
Kirk Cousins,QB,4,WAS,KC,14,24,58,0.58,220,2.2,9,2,0,117,1.17,7,38,5,0,2,20.6,15,9,6500,16.2,6327,173,18.47,1,0
Kirk Cousins,QB,6,WAS,SF,25,37,68,0.68,330,3.3,9,2,1,102,1.02,4,26,7,1,3,31.8,27,20,6800,19.6,6327,473,18.47,1,1
Kirk Cousins,QB,7,WAS,PHI,30,40,75,0.75,303,3.03,8,3,1,111,1.11,3,18,6,0,3,27.92,17,22,6500,17.7,6327,173,18.47,1,1
Kirk Cousins,QB,8,WAS,DAL,26,39,67,0.67,263,2.63,7,1,1,84,0.84,1,0,0,0,1,12.52,23,22,6400,18.4,6327,73,18.47,0,0
Kirk Cousins,QB,9,WAS,SEA,21,31,68,0.68,247,2.47,8,0,0,92,0.92,3,4,1,0,0,9.28,9,11,5700,15.6,6327,-627,18.47,0,0
Kirk Cousins,QB,10,WAS,MIN,26,45,58,0.58,327,3.27,7,1,1,79,0.79,4,5,1,2,3,31.58,3,4,5900,15.9,6327,-427,18.47,1,1
Kirk Cousins,QB,11,WAS,NO,22,32,69,0.69,322,3.22,10,3,0,133,1.33,3,11,4,0,3,28.98,5,11,6100,16.8,6327,-227,18.47,1,1
Kirk Cousins,QB,12,WAS,NYG,19,31,61,0.61,242,2.42,8,2,1,94,0.94,3,4,1,0,2,17.08,32,30,7100,19.5,6327,773,18.47,0,0
Marcus Mariota,QB,1,TEN,OAK,25,41,61,0.61,256,2.56,6,0,0,79,0.79,3,26,9,1,1,18.84,22,22,6800,18.9,6250,550,18.40,0,0
Marcus Mariota,QB,2,TEN,JAX,15,27,56,0.56,215,2.15,8,1,1,78,0.78,6,24,4,0,1,14,13,8,6400,16.5,6250,150,18.40,0,0
Marcus Mariota,QB,3,TEN,SEA,20,32,63,0.63,225,2.25,7,2,0,104,1.04,7,27,4,0,2,19.7,9,4,6000,16.2,6250,-250,18.40,1,0
Marcus Mariota,QB,4,TEN,HOU,6,10,60,0.6,96,0.96,10,0,2,53,0.53,4,39,10,2,2,17.74,25,25,6400,16.8,6250,150,18.40,1,0
Marcus Mariota,QB,6,TEN,IND,23,32,72,0.72,306,3.06,10,1,1,99,0.99,2,0,0,0,1,18.24,31,31,6300,17.5,6250,50,18.40,1,0
Marcus Mariota,QB,7,TEN,CLE,21,34,62,0.62,203,2.03,6,0,0,78,0.78,1,8,8,0,0,8.92,21,31,6900,18.4,6250,650,18.40,0,0
Marcus Mariota,QB,9,TEN,BAL,19,28,68,0.68,218,2.18,8,2,1,100,1,3,6,2,0,2,16.32,5,2,6000,15.6,6250,-250,18.40,1,0
Marcus Mariota,QB,10,TEN,CIN,25,44,57,0.57,264,2.64,6,1,1,73,0.73,6,51,9,0,1,18.66,8,12,5800,16.3,6250,-450,18.40,1,0
Marcus Mariota,QB,11,TEN,PIT,22,33,67,0.67,306,3.06,9,1,4,67,0.67,5,5,1,1,2,21.74,2,3,5600,14.8,6250,-650,18.40,1,1
Marcus Mariota,QB,12,TEN,IND,17,25,68,0.68,184,1.84,7,1,2,69,0.69,3,4,1,0,1,9.76,30,26,6300,18.2,6250,50,18.40,0,0
Matt Moore,QB,7,MIA,NYJ,13,21,62,0.62,188,1.88,9,2,1,103,1.03,0,0,0,0,2,14.52,19,18,4500,0.3,4625,-125,1.22,1,1
Matt Moore,QB,8,MIA,BAL,25,44,57,0.57,176,1.76,4,0,2,47,0.47,0,0,0,0,0,5.04,10,3,4500,12.9,4625,-125,1.22,0,0
Matt Moore,QB,11,MIA,TB,17,28,61,0.61,282,2.82,10,1,0,107,1.07,1,0,0,0,1,15.28,26,24,4700,0.3,4625,75,1.22,1,1
Matt Moore,QB,12,MIA,NE,23,34,68,0.68,215,2.15,6,1,2,70,0.7,2,9,5,0,1,11.5,28,31,4800,13.9,4625,175,1.22,0,0
Matt Ryan,QB,1,ATL,CHI,21,30,70,0.7,321,3.21,11,1,0,116,1.16,3,11,4,0,1,20.94,20,20,6900,18.8,6827,73,18.76,1,0
Matt Ryan,QB,2,ATL,GB,19,28,68,0.68,252,2.52,9,1,0,108,1.08,1,8,8,0,1,14.88,28,26,7500,20.1,6827,673,18.76,0,0
Matt Ryan,QB,3,ATL,DET,24,35,69,0.69,294,2.94,8,2,3,78,0.78,1,-1,-1,0,2,16.66,8,7,7100,18.8,6827,273,18.76,0,0
Matt Ryan,QB,4,ATL,BUF,24,42,57,0.57,242,2.42,6,1,2,62,0.62,1,8,8,0,1,11.48,1,2,7400,19,6827,573,18.76,0,0
Matt Ryan,QB,6,ATL,MIA,24,35,69,0.69,248,2.48,7,1,1,86,0.86,0,0,0,0,1,12.92,6,9,7000,19.8,6827,173,18.76,0,0
Matt Ryan,QB,7,ATL,NE,23,33,70,0.7,233,2.33,7,1,0,100,1,3,37,12,0,1,17.02,32,32,7500,18.7,6827,673,18.76,0,0
Matt Ryan,QB,8,ATL,NYJ,18,29,62,0.62,254,2.54,9,2,0,113,1.13,6,17,3,0,2,17.86,25,21,6800,15.9,6827,-27,18.76,1,0
Matt Ryan,QB,9,ATL,CAR,24,38,63,0.63,313,3.13,8,2,1,96,0.96,1,-1,-1,0,2,22.42,3,5,6200,16.1,6827,-627,18.76,1,1
Matt Ryan,QB,10,ATL,DAL,22,29,76,0.76,215,2.15,7,2,1,105,1.05,0,0,0,0,2,15.6,18,20,6500,17.4,6827,-327,18.76,0,0
Matt Ryan,QB,11,ATL,SEA,19,27,70,0.7,195,1.95,7,2,0,116,1.16,3,12,4,0,2,17,6,5,5800,15.5,6827,-1027,18.76,1,0
Matt Ryan,QB,12,ATL,TB,26,35,74,0.74,317,3.17,9,1,0,111,1.11,1,1,1,0,1,19.78,26,23,6400,18.1,6827,-427,18.76,1,0
Matthew Stafford,QB,1,DET,ARI,29,41,71,0.71,292,2.92,7,4,1,113,1.13,2,14,7,0,4,28.08,7,12,6100,16.3,6255,-155,17.80,1,1
Matthew Stafford,QB,2,DET,NYG,15,21,71,0.71,122,1.22,6,2,0,118,1.18,3,23,8,0,2,14.18,26,24,5800,15.9,6255,-455,17.80,0,0
Matthew Stafford,QB,3,DET,ATL,25,45,56,0.56,264,2.64,6,1,0,80,0.8,2,19,10,0,1,16.46,25,20,6200,17.7,6255,-55,17.80,0,0
Matthew Stafford,QB,4,DET,MIN,19,31,61,0.61,209,2.09,7,0,0,81,0.81,3,-3,-1,0,0,10.06,21,15,6000,16.1,6255,-255,17.80,0,0
Matthew Stafford,QB,5,DET,CAR,23,35,66,0.66,229,2.29,7,2,0,103,1.03,0,0,0,0,2,16.16,7,8,6300,17.4,6255,45,17.80,0,0
Matthew Stafford,QB,6,DET,NO,25,52,48,0.48,312,3.12,6,3,3,62,0.62,2,4,2,0,3,22.88,24,21,6500,18.4,6255,245,17.80,1,0
Matthew Stafford,QB,8,DET,PIT,27,45,60,0.6,423,4.23,9,0,0,91,0.91,1,11,11,0,0,21.02,1,3,6000,14.9,6255,-255,17.80,1,1
Matthew Stafford,QB,9,DET,GB,26,33,79,0.79,361,3.61,11,2,0,132,1.32,1,0,0,0,2,25.44,18,14,6500,16.7,6255,245,17.80,1,1
Matthew Stafford,QB,10,DET,CLE,17,26,65,0.65,249,2.49,10,3,1,119,1.19,4,17,4,0,3,22.66,21,25,6800,18.3,6255,545,17.80,1,0
Matthew Stafford,QB,11,DET,CHI,21,31,68,0.68,299,2.99,10,2,0,120,1.2,3,3,1,0,2,19.26,9,5,6600,15.8,6255,345,17.80,1,0
Matthew Stafford,QB,12,DET,MIN,20,35,57,0.57,250,2.5,7,2,1,87,0.87,1,0,0,0,2,16,4,10,6000,16.6,6255,-255,17.80,0,0
Mike Glennon,QB,1,CHI,ATL,26,40,65,0.65,213,2.13,5,1,0,87,0.87,0,0,0,0,1,12.52,29,31,4900,13.2,4675,225,9.06,0,0
Mike Glennon,QB,2,CHI,TB,31,45,69,0.69,301,3.01,7,1,2,76,0.76,0,0,0,0,1,16.04,18,16,4600,12.2,4675,-75,9.06,1,0
Mike Glennon,QB,3,CHI,PIT,15,22,68,0.68,101,1.01,5,1,1,74,0.74,3,4,1,0,1,7.44,5,11,4700,12.6,4675,25,9.06,0,0
Mike Glennon,QB,4,CHI,GB,21,33,64,0.64,218,2.18,7,1,2,67,0.67,1,0,0,0,1,8.72,8,10,4500,12,4675,-175,9.06,0,0
Mitch Trubisky,QB,5,CHI,MIN,12,25,48,0.48,128,1.28,5,1,1,60,0.6,3,22,7,0,1,11.32,13,10,5000,11.9,4657,343,4.12,0,0
Mitch Trubisky,QB,6,CHI,BAL,8,16,50,0.5,113,1.13,7,1,0,94,0.94,4,32,8,0,1,10.72,8,5,5000,11.3,4657,343,4.12,0,0
Mitch Trubisky,QB,7,CHI,CAR,4,7,57,0.57,107,1.07,15,0,0,102,1.02,5,3,1,0,0,4.58,10,16,4600,11.4,4657,-57,4.12,0,0
Mitch Trubisky,QB,8,CHI,NO,14,32,44,0.44,164,1.64,5,0,1,47,0.47,3,53,18,0,0,10.86,18,17,4600,11.6,4657,-57,4.12,0,0
Mitch Trubisky,QB,10,CHI,GB,21,35,60,0.6,297,2.97,9,1,0,97,0.97,0,0,0,0,1,15.88,22,16,4500,12,4657,-157,4.12,1,0
Mitch Trubisky,QB,11,CHI,DET,18,30,60,0.6,179,1.79,6,1,0,88,0.88,6,53,9,0,1,15.46,14,13,4500,12.1,4657,-157,4.12,1,0
Mitch Trubisky,QB,12,CHI,PHI,17,33,52,0.52,147,1.47,5,0,2,38,0.38,4,12,3,0,0,5.08,6,12,4400,12,4657,-257,4.12,0,0
Philip Rivers,QB,1,LAC,DEN,22,33,67,0.67,192,1.92,6,3,1,100,1,0,0,0,0,3,18.68,1,1,5800,15.5,5927,-127,18.50,1,0
Philip Rivers,QB,2,LAC,MIA,31,39,80,0.8,331,3.31,9,1,0,111,1.11,1,0,0,0,1,20.24,27,29,5800,18.3,5927,-127,18.50,1,0
Philip Rivers,QB,3,LAC,KC,20,40,50,0.5,237,2.37,6,0,3,37,0.37,0,0,0,0,0,6.48,28,27,6400,17.4,5927,473,18.50,0,0
Philip Rivers,QB,4,LAC,PHI,22,38,58,0.58,347,3.47,9,2,0,106,1.06,0,0,0,0,2,23.88,17,18,6300,17.8,5927,373,18.50,1,1
Philip Rivers,QB,5,LAC,NYG,21,44,48,0.48,258,2.58,6,3,1,80,0.8,4,5,1,0,3,21.82,24,25,5800,15.7,5927,-127,18.50,1,1
Philip Rivers,QB,6,LAC,OAK,25,36,69,0.69,268,2.68,7,1,0,100,1,2,-4,-2,0,1,14.32,16,18,6600,18.2,5927,673,18.50,0,0
Philip Rivers,QB,7,LAC,DEN,15,26,58,0.58,183,1.83,7,2,0,105,1.05,0,0,0,0,2,15.32,7,13,5300,15.1,5927,-627,18.50,1,0
Philip Rivers,QB,8,LAC,NE,17,30,57,0.57,212,2.12,7,1,1,76,0.76,0,0,0,0,1,11.48,31,32,6300,17.8,5927,373,18.50,0,0
Philip Rivers,QB,10,LAC,JAX,21,37,57,0.57,235,2.35,6,2,1,83,0.83,2,-1,-1,0,2,16.3,1,1,4900,13.3,5927,-1027,18.50,1,0
Philip Rivers,QB,11,LAC,BUF,20,32,63,0.63,251,2.51,8,2,0,108,1.08,0,0,0,0,2,18.04,14,6,5900,17.1,5927,-27,18.50,1,0
Philip Rivers,QB,12,LAC,DAL,27,33,82,0.82,434,4.34,13,3,0,149,1.49,5,-5,-1,0,3,31.86,20,17,6100,17,5927,173,18.50,1,1
Russell Wilson,QB,1,SEA,GB,14,27,52,0.52,158,1.58,6,0,0,70,0.7,2,40,20,0,0,9.32,28,26,6900,19.7,6973,-73,19.79,0,0
Russell Wilson,QB,2,SEA,SF,23,39,59,0.59,198,1.98,5,1,0,81,0.81,12,34,3,0,1,15.32,32,23,6800,19.4,6973,-173,19.79,0,0
Russell Wilson,QB,3,SEA,TEN,29,49,59,0.59,373,3.73,8,4,0,110,1.1,7,26,4,0,4,36.52,18,14,6300,16.6,6973,-673,19.79,1,1
Russell Wilson,QB,4,SEA,IND,21,26,81,0.81,295,2.95,11,2,2,108,1.08,4,38,10,1,3,29.6,29,27,8000,20.6,6973,1027,19.79,1,1
Russell Wilson,QB,5,SEA,LAR,24,37,65,0.65,198,1.98,5,1,1,76,0.76,5,16,3,0,1,12.52,28,16,7100,17.7,6973,127,19.79,0,0
Russell Wilson,QB,7,SEA,NYG,27,39,69,0.69,334,3.34,9,3,0,121,1.21,2,10,5,0,3,29.36,24,23,6400,17.1,6973,-573,19.79,1,1
Russell Wilson,QB,8,SEA,HOU,26,41,63,0.63,452,4.52,11,4,1,123,1.23,4,30,8,0,4,39.08,14,18,6500,19,6973,-473,19.79,1,1
Russell Wilson,QB,9,SEA,WAS,24,45,53,0.53,297,2.97,7,2,2,70,0.7,10,77,8,0,2,25.58,19,18,7300,20.7,6973,327,19.79,1,0
Russell Wilson,QB,10,SEA,ARI,22,32,69,0.69,238,2.38,7,2,0,111,1.11,5,19,4,0,2,19.42,26,28,7400,19.9,6973,427,19.79,0,0
Russell Wilson,QB,11,SEA,ATL,26,42,62,0.62,258,2.58,6,2,1,85,0.85,7,86,12,1,3,32.92,10,16,7000,20.6,6973,27,19.79,1,1
Russell Wilson,QB,12,SEA,SF,20,34,59,0.59,228,2.28,7,2,1,86,0.86,7,25,4,1,3,24.62,32,30,7000,21.1,6973,27,19.79,1,0
Ryan Fitzpatrick,QB,6,TB,ARI,22,32,69,0.69,290,2.9,9,3,2,102,1.02,2,12,6,0,3,22.8,22,26,4400,0.2,4980,-580,0.00,1,1
Ryan Fitzpatrick,QB,9,TB,NO,8,15,53,0.53,68,0.68,5,1,0,88,0.88,3,30,10,0,1,9.72,14,15,4800,0.2,4980,-180,0.00,1,1
Ryan Fitzpatrick,QB,10,TB,NYJ,17,34,50,0.5,187,1.87,6,1,1,64,0.64,3,9,3,0,1,11.38,23,24,4900,14.7,4980,-80,0.00,0,0
Ryan Fitzpatrick,QB,11,TB,MIA,22,37,60,0.6,275,2.75,7,2,0,101,1.01,3,9,3,0,2,19.9,20,19,5300,15.1,4980,320,0.00,1,0
Ryan Fitzpatrick,QB,12,TB,ATL,27,44,61,0.61,283,2.83,6,0,0,80,0.8,2,20,10,0,0,13.32,13,18,5500,15.1,4980,520,0.00,0,0
Tom Brady,QB,1,NE,KC,16,36,44,0.44,267,2.67,7,0,0,70,0.7,2,0,0,0,0,10.68,11,10,7600,20.2,7827,-227,20.42,0,0
Tom Brady,QB,2,NE,NO,30,39,77,0.77,447,4.47,12,3,0,140,1.4,2,9,5,0,3,33.78,30,27,7900,25.3,7827,73,20.42,1,1
Tom Brady,QB,3,NE,HOU,25,35,71,0.71,378,3.78,11,5,0,146,1.46,1,6,6,0,5,39.72,7,5,7700,18.8,7827,-127,20.42,1,1
Tom Brady,QB,4,NE,CAR,32,45,71,0.71,307,3.07,7,2,0,105,1.05,1,2,2,0,2,23.48,3,7,8000,20.7,7827,173,20.42,1,0
Tom Brady,QB,5,NE,TB,30,40,75,0.75,303,3.03,8,1,1,94,0.94,2,5,3,0,1,17.62,29,30,8000,25,7827,173,20.42,0,0
Tom Brady,QB,6,NE,NYJ,20,38,53,0.53,257,2.57,7,2,1,81,0.81,1,-1,-1,0,2,17.18,15,19,8300,21.1,7827,473,20.42,0,0
Tom Brady,QB,7,NE,ATL,21,29,72,0.72,249,2.49,9,2,0,121,1.21,5,5,1,0,2,18.46,17,13,8000,21.2,7827,173,20.42,0,0
Tom Brady,QB,8,NE,LAC,32,47,68,0.68,333,3.33,7,1,0,95,0.95,1,2,2,0,1,20.52,12,8,7600,20.6,7827,-227,20.42,0,0
Tom Brady,QB,10,NE,DEN,25,34,74,0.74,266,2.66,8,3,0,125,1.25,1,0,0,0,3,22.64,15,15,7300,18.3,7827,-527,20.42,1,0
Tom Brady,QB,11,NE,OAK,30,37,81,0.81,340,3.4,9,3,0,132,1.32,0,0,0,0,3,28.6,24,22,8000,23.8,7827,173,20.42,1,0
Tom Brady,QB,12,NE,MIA,18,28,64,0.64,227,2.27,8,4,1,114,1.14,5,-4,-1,0,4,22.68,21,20,7700,21.7,7827,-127,20.42,1,0
Tom Savage,QB,1,HOU,JAX,7,13,54,0.54,62,0.62,5,0,0,67,0.67,0,0,0,0,0,0.48,13,8,4800,11.1,4580,220,5.14,0,0
Tom Savage,QB,9,HOU,IND,19,44,43,0.43,219,2.19,5,1,0,66,0.66,0,0,0,0,1,11.76,32,28,4600,12.9,4580,20,5.14,0,0
Tom Savage,QB,10,HOU,LAR,18,36,50,0.5,221,2.21,6,1,2,55,0.55,2,0,0,0,1,8.84,11,8,4500,10.2,4580,-80,5.14,0,0
Tom Savage,QB,11,HOU,ARI,22,32,69,0.69,230,2.3,7,2,1,97,0.97,1,3,3,0,2,15.5,25,28,4400,10.7,4580,-180,5.14,1,0
Tom Savage,QB,12,HOU,BAL,22,37,60,0.6,252,2.52,7,0,2,57,0.57,0,0,0,0,0,7.08,2,2,4600,10.3,4580,20,5.14,0,0
Trevor Siemian,QB,1,DEN,LAC,17,28,61,0.61,219,2.19,8,2,1,94,0.94,6,19,3,1,3,23.66,16,15,5000,13.7,5163,-163,13.00,1,1
Trevor Siemian,QB,2,DEN,DAL,22,32,69,0.69,231,2.31,7,4,1,116,1.16,5,14,3,0,4,24.64,14,17,4900,15,5163,-263,13.00,1,1
Trevor Siemian,QB,3,DEN,BUF,24,40,60,0.6,259,2.59,7,0,2,58,0.58,3,12,4,0,0,9.56,3,8,5500,15.2,5163,337,13.00,0,0
Trevor Siemian,QB,4,DEN,OAK,16,26,62,0.62,179,1.79,7,1,0,95,0.95,4,1,0,0,1,11.26,24,29,5200,15.8,5163,37,13.00,0,0
Trevor Siemian,QB,6,DEN,NYG,29,50,58,0.58,376,3.76,8,1,2,72,0.72,1,9,9,0,1,20.94,26,24,6000,14.9,5163,837,13.00,1,1
Trevor Siemian,QB,7,DEN,LAC,25,35,71,0.71,207,2.07,6,0,1,74,0.74,2,14,7,0,0,7.68,18,11,5400,13.8,5163,237,13.00,0,0
Trevor Siemian,QB,8,DEN,KC,19,36,53,0.53,198,1.98,6,1,3,44,0.44,2,20,10,0,1,10.92,29,30,4900,13.2,5163,-263,13.00,0,0
Trevor Siemian,QB,12,DEN,OAK,11,21,52,0.52,149,1.49,7,2,0,107,1.07,2,9,5,0,2,14.86,29,28,4400,1.2,5163,-763,13.00,1,1
Tyrod Taylor,QB,1,BUF,NYJ,16,28,57,0.57,224,2.24,8,2,1,92,0.92,8,38,5,0,2,19.76,21,21,6200,16.3,5573,627,16.53,1,0
Tyrod Taylor,QB,2,BUF,CAR,17,25,68,0.68,125,1.25,5,0,0,80,0.8,8,55,7,0,0,10.5,25,19,5300,15.6,5573,-273,16.53,0,0
Tyrod Taylor,QB,3,BUF,DEN,20,26,77,0.77,213,2.13,8,2,0,126,1.26,8,13,2,0,2,17.82,14,23,4900,13.7,5573,-673,16.53,1,0
Tyrod Taylor,QB,4,BUF,ATL,12,20,60,0.6,182,1.82,9,1,0,107,1.07,7,12,2,0,1,12.48,23,13,5300,16.5,5573,-273,16.53,0,0
Tyrod Taylor,QB,5,BUF,CIN,20,37,54,0.54,166,1.66,5,1,1,64,0.64,1,3,3,0,1,9.94,3,9,5000,15.6,5573,-573,16.53,0,0
Tyrod Taylor,QB,7,BUF,TB,20,33,61,0.61,268,2.68,8,1,0,97,0.97,6,53,9,0,1,20.02,30,30,5100,16.2,5573,-473,16.53,1,0
Tyrod Taylor,QB,8,BUF,OAK,20,27,74,0.74,165,1.65,6,1,0,102,1.02,6,1,0,1,2,16.7,24,20,5900,17,5573,327,16.53,0,0
Tyrod Taylor,QB,9,BUF,NYJ,29,40,73,0.73,285,2.85,7,2,0,109,1.09,6,35,6,1,3,27.9,25,22,5900,16.2,5573,327,16.53,1,1
Tyrod Taylor,QB,10,BUF,NO,9,18,50,0.5,56,0.56,3,0,1,34,0.34,3,27,9,0,0,3.94,9,13,6300,16.7,5573,727,16.53,0,0
Tyrod Taylor,QB,11,BUF,LAC,15,25,60,0.6,158,1.58,6,1,0,92,0.92,4,38,10,1,2,19.12,13,9,5600,1.1,5573,27,16.53,1,1
Tyrod Taylor,QB,12,BUF,KC,19,29,66,0.66,183,1.83,6,1,0,94,0.94,9,27,3,0,1,14.02,23,24,5800,15.6,5573,227,16.53,0,0